station,valid,tmpf,dwpf,relh,sknt
CLT,2026-02-01 00:52,21.00,17.00,84.25,12.00
CLT,2026-02-01 01:52,20.00,15.00,80.59,11.00
CLT,2026-02-01 02:52,19.00,14.00,80.51,15.00
CLT,2026-02-01 03:52,18.00,14.00,84.04,11.00
CLT,2026-02-01 04:52,17.00,12.00,80.34,11.00
CLT,2026-02-01 05:52,17.00,10.00,73.50,11.00
CLT,2026-02-01 06:52,18.00,10.00,70.39,9.00
CLT,2026-02-01 07:52,18.00,6.00,58.76,9.00
CLT,2026-02-01 08:52,17.00,5.00,58.61,7.00
CLT,2026-02-01 09:52,16.00,5.00,61.21,9.00
CLT,2026-02-01 10:52,15.00,4.00,61.06,9.00
CLT,2026-02-01 11:52,15.00,3.00,58.31,9.00
CLT,2026-02-01 12:52,15.00,3.00,58.31,9.00
CLT,2026-02-01 13:52,18.00,4.00,53.61,14.00
CLT,2026-02-01 14:52,20.00,5.00,51.52,12.00
CLT,2026-02-01 15:52,24.00,7.00,47.66,10.00
CLT,2026-02-01 16:52,27.00,7.00,42.07,12.00
CLT,2026-02-01 17:52,30.00,7.00,37.20,12.00
CLT,2026-02-01 18:52,33.00,8.00,34.48,11.00
CLT,2026-02-01 19:52,35.00,9.00,33.30,11.00
CLT,2026-02-01 20:52,36.00,10.00,33.47,10.00
CLT,2026-02-01 21:52,36.00,9.00,32.00,11.00
CLT,2026-02-01 22:52,33.00,9.00,36.07,7.00
CLT,2026-02-01 23:52,30.00,8.00,38.93,7.00
CLT,2026-02-02 00:52,28.00,6.00,38.58,6.00
CLT,2026-02-02 01:52,28.00,4.00,35.20,9.00
CLT,2026-02-02 02:52,26.00,2.00,34.85,6.00
CLT,2026-02-02 03:52,24.00,3.00,39.68,7.00
CLT,2026-02-02 04:52,23.00,4.00,43.34,9.00
CLT,2026-02-02 05:52,20.00,3.00,46.99,4.00
CLT,2026-02-02 06:52,20.00,3.00,46.99,8.00
CLT,2026-02-02 07:52,18.00,3.00,51.20,3.00
CLT,2026-02-02 08:52,18.00,3.00,51.20,4.00
CLT,2026-02-02 09:52,13.00,3.00,63.66,0.00
CLT,2026-02-02 10:52,13.00,4.00,66.67,0.00
CLT,2026-02-02 11:52,11.00,4.00,72.84,3.00
CLT,2026-02-02 12:52,12.00,4.00,69.68,0.00
CLT,2026-02-02 13:52,23.00,7.00,49.71,0.00
CLT,2026-02-02 14:52,25.00,8.00,47.83,0.00
CLT,2026-02-02 15:52,30.00,9.00,40.72,0.00
CLT,2026-02-02 17:52,38.00,9.00,29.57,6.00
CLT,2026-02-02 18:52,39.00,9.00,28.44,8.00
CLT,2026-02-02 19:52,42.00,8.00,24.20,5.00
CLT,2026-02-02 20:52,41.00,9.00,26.31,8.00
CLT,2026-02-02 21:52,41.00,9.00,26.31,7.00
CLT,2026-02-02 22:52,40.00,10.00,28.60,0.00
CLT,2026-02-02 23:52,37.00,10.00,32.17,0.00
CLT,2026-02-03 00:52,32.00,17.00,53.43,0.00
CLT,2026-02-03 01:52,30.00,17.00,57.95,0.00
CLT,2026-02-03 02:52,29.00,16.00,57.80,0.00
CLT,2026-02-03 03:52,26.00,16.00,65.40,4.00
CLT,2026-02-03 04:52,25.00,15.00,65.27,4.00
CLT,2026-02-03 05:52,24.00,15.00,68.05,5.00
CLT,2026-02-03 06:52,24.00,14.00,65.14,4.00
CLT,2026-02-03 07:52,24.00,15.00,68.05,5.00
CLT,2026-02-03 08:52,21.00,15.00,77.23,4.00
CLT,2026-02-03 09:52,21.00,15.00,77.23,5.00
CLT,2026-02-03 10:52,23.00,16.00,74.13,4.00
CLT,2026-02-03 11:52,23.00,16.00,74.13,0.00
CLT,2026-02-03 12:52,25.00,17.00,71.20,0.00
CLT,2026-02-03 13:52,29.00,20.00,68.66,0.00
CLT,2026-02-03 14:52,33.00,20.00,58.38,0.00
CLT,2026-02-03 15:52,37.00,18.00,45.70,0.00
CLT,2026-02-03 16:52,40.00,20.00,44.27,4.00
CLT,2026-02-03 17:52,42.00,20.00,40.97,5.00
CLT,2026-02-03 18:52,43.00,21.00,41.14,5.00
CLT,2026-02-03 19:52,45.00,21.00,38.11,3.00
CLT,2026-02-03 20:52,46.00,22.00,38.28,3.00
CLT,2026-02-03 21:52,45.00,25.00,45.10,0.00
CLT,2026-02-03 22:52,43.00,25.00,48.68,0.00
CLT,2026-02-03 23:52,41.00,25.00,52.58,0.00
CLT,2026-02-04 00:52,39.00,25.00,56.84,0.00
CLT,2026-02-04 01:52,38.00,25.00,59.11,0.00
CLT,2026-02-04 02:52,39.00,26.00,59.25,3.00
CLT,2026-02-04 03:52,38.00,26.00,61.62,0.00
CLT,2026-02-04 04:52,37.00,28.00,69.60,0.00
CLT,2026-02-04 05:52,37.00,29.00,72.52,3.00
CLT,2026-02-04 06:52,37.00,30.00,75.54,0.00
CLT,2026-02-04 07:52,39.00,31.00,72.73,0.00
CLT,2026-02-04 08:52,37.00,31.00,78.67,0.00
CLT,2026-02-04 09:52,38.00,32.00,78.76,0.00
CLT,2026-02-04 10:52,39.00,33.00,78.84,0.00
CLT,2026-02-04 11:10,M,M,M,0.00
CLT,2026-02-04 11:10,39.00,32.00,75.73,0.00
CLT,2026-02-04 12:52,39.00,33.00,78.84,0.00
CLT,2026-02-04 13:52,41.00,34.00,75.92,0.00
CLT,2026-02-04 14:52,44.00,36.00,73.25,0.00
CLT,2026-02-04 15:52,46.00,36.00,67.89,0.00
CLT,2026-02-04 16:52,47.00,37.00,68.01,3.00
CLT,2026-02-04 17:52,43.00,36.00,76.11,6.00
CLT,2026-02-04 18:52,43.00,35.00,73.15,6.00
CLT,2026-02-04 19:52,43.00,35.00,73.15,7.00
CLT,2026-02-04 20:52,42.00,35.00,76.02,9.00
CLT,2026-02-04 21:52,42.00,34.00,73.05,9.00
CLT,2026-02-04 22:52,41.00,31.00,67.29,11.00
CLT,2026-02-04 23:52,39.00,32.00,75.73,14.00
CLT,2026-02-05 00:52,39.00,32.00,75.73,12.00
CLT,2026-02-05 01:52,38.00,34.00,85.35,8.00
CLT,2026-02-05 02:52,37.00,34.00,88.77,7.00
CLT,2026-02-05 03:52,36.00,33.00,88.72,13.00
CLT,2026-02-05 04:52,35.00,32.00,88.67,10.00
CLT,2026-02-05 05:52,35.00,30.00,81.77,12.00
CLT,2026-02-05 06:52,34.00,30.00,85.10,9.00
CLT,2026-02-05 07:52,34.00,30.00,85.10,8.00
CLT,2026-02-05 08:52,33.00,30.00,88.57,9.00
CLT,2026-02-05 09:52,33.00,30.00,88.57,7.00
CLT,2026-02-05 10:52,33.00,29.00,85.03,9.00
CLT,2026-02-05 11:52,33.00,29.00,85.03,10.00
CLT,2026-02-05 12:52,33.00,27.00,78.32,12.00
CLT,2026-02-05 13:52,33.00,28.00,81.62,8.00
CLT,2026-02-05 14:52,34.00,26.00,72.20,7.00
CLT,2026-02-05 15:52,34.00,24.00,66.42,12.00
CLT,2026-02-05 16:52,35.00,24.00,63.82,8.00
CLT,2026-02-05 17:52,37.00,25.00,61.48,7.00
CLT,2026-02-05 18:52,37.00,27.00,66.80,6.00
CLT,2026-02-05 19:52,39.00,27.00,61.75,7.00
CLT,2026-02-05 20:52,38.00,28.00,66.92,6.00
CLT,2026-02-05 21:52,37.00,28.00,69.60,5.00
CLT,2026-02-05 22:52,36.00,28.00,72.41,5.00
CLT,2026-02-05 23:52,35.00,27.00,72.30,6.00
CLT,2026-02-06 00:52,34.00,27.00,75.25,0.00
CLT,2026-02-06 01:52,34.00,27.00,75.25,0.00
CLT,2026-02-06 02:52,31.00,25.00,78.15,0.00
CLT,2026-02-06 03:52,29.00,25.00,84.78,0.00
CLT,2026-02-06 04:52,29.00,25.00,84.78,0.00
CLT,2026-02-06 05:52,28.00,24.00,84.71,3.00
CLT,2026-02-06 06:52,28.00,24.00,84.71,0.00
CLT,2026-02-06 07:52,28.00,24.00,84.71,0.00
CLT,2026-02-06 08:52,24.00,21.00,88.12,3.00
CLT,2026-02-06 09:52,26.00,22.00,84.58,0.00
CLT,2026-02-06 10:52,26.00,23.00,88.22,0.00
CLT,2026-02-06 11:52,25.00,21.00,84.51,0.00
CLT,2026-02-06 12:52,27.00,24.00,88.27,0.00
CLT,2026-02-06 13:52,31.00,28.00,88.48,0.00
CLT,2026-02-06 14:52,35.00,26.00,69.37,9.00
CLT,2026-02-06 15:52,41.00,23.00,48.36,8.00
CLT,2026-02-06 16:52,43.00,27.00,52.89,14.00
CLT,2026-02-06 17:52,48.00,27.00,43.75,6.00
CLT,2026-02-06 18:52,51.00,26.00,37.53,5.00
CLT,2026-02-06 19:52,53.00,28.00,37.87,6.00
CLT,2026-02-06 20:52,54.00,29.00,38.03,6.00
CLT,2026-02-06 21:52,52.00,33.00,48.14,15.00
CLT,2026-02-06 22:52,49.00,36.00,60.64,5.00
CLT,2026-02-06 23:52,49.00,35.00,58.28,7.00
CLT,2026-02-07 00:52,47.00,34.00,60.37,5.00
CLT,2026-02-07 01:52,48.00,32.00,53.65,17.00
CLT,2026-02-07 02:52,47.00,29.00,49.32,16.00
CLT,2026-02-07 03:52,45.00,29.00,53.20,11.00
CLT,2026-02-07 04:52,43.00,28.00,55.11,10.00
CLT,2026-02-07 05:52,42.00,27.00,54.96,12.00
CLT,2026-02-07 06:52,41.00,25.00,52.58,10.00
CLT,2026-02-07 07:52,39.00,25.00,56.84,10.00
CLT,2026-02-07 08:52,38.00,23.00,54.36,11.00
CLT,2026-02-07 09:52,38.00,22.00,52.11,14.00
CLT,2026-02-07 10:52,37.00,22.00,54.21,13.00
CLT,2026-02-07 11:52,37.00,21.00,51.96,11.00
CLT,2026-02-07 12:52,37.00,22.00,54.21,6.00
CLT,2026-02-07 13:52,40.00,19.00,42.42,14.00
CLT,2026-02-07 14:52,42.00,9.00,25.31,19.00
CLT,2026-02-07 15:52,44.00,10.00,24.52,9.00
CLT,2026-02-07 16:52,45.00,11.00,24.68,10.00
CLT,2026-02-07 17:52,46.00,4.00,17.31,12.00
CLT,2026-02-07 18:52,47.00,5.00,17.45,10.00
CLT,2026-02-07 19:52,47.00,4.00,16.66,6.00
CLT,2026-02-07 20:52,48.00,-1.00,12.71,18.00
CLT,2026-02-07 21:52,47.00,0.00,13.84,12.00
CLT,2026-02-07 22:52,43.00,-1.00,15.37,12.00
CLT,2026-02-07 23:52,38.00,1.00,20.50,5.00
CLT,2026-02-08 00:52,36.00,1.00,22.18,7.00
CLT,2026-02-08 01:52,33.00,8.00,34.48,5.00
CLT,2026-02-08 02:52,33.00,6.00,31.49,7.00
CLT,2026-02-08 03:52,32.00,5.00,31.32,8.00
CLT,2026-02-08 04:52,30.00,4.00,32.44,6.00
CLT,2026-02-08 05:52,29.00,6.00,37.03,4.00
CLT,2026-02-08 06:52,28.00,3.00,33.62,7.00
CLT,2026-02-08 07:52,27.00,3.00,35.03,3.00
CLT,2026-02-08 08:52,25.00,2.00,36.33,3.00
CLT,2026-02-08 09:52,24.00,6.00,45.54,0.00
CLT,2026-02-08 10:52,23.00,9.00,54.40,0.00
CLT,2026-02-08 11:52,26.00,6.00,41.90,5.00
CLT,2026-02-08 12:52,27.00,5.00,38.41,0.00
CLT,2026-02-08 13:52,27.00,1.00,31.92,3.00
CLT,2026-02-08 14:52,28.00,1.00,30.63,4.00
CLT,2026-02-08 15:52,29.00,1.00,29.40,0.00
CLT,2026-02-08 16:52,31.00,2.00,28.39,0.00
CLT,2026-02-08 17:52,33.00,2.00,26.19,3.00
CLT,2026-02-08 18:52,33.00,3.00,27.44,4.00
CLT,2026-02-08 19:52,33.00,3.00,27.44,3.00
CLT,2026-02-08 20:52,34.00,4.00,27.60,0.00
CLT,2026-02-08 21:52,35.00,4.00,26.52,0.00
CLT,2026-02-08 22:52,34.00,5.00,28.90,0.00
CLT,2026-02-08 23:52,34.00,9.00,34.65,3.00
CLT,2026-02-09 00:52,35.00,10.00,34.82,0.00
CLT,2026-02-09 01:52,35.00,7.00,30.42,0.00
CLT,2026-02-09 02:52,35.00,8.00,31.83,3.00
CLT,2026-02-09 03:52,35.00,11.00,36.41,4.00
CLT,2026-02-09 04:52,34.00,11.00,37.89,0.00
CLT,2026-02-09 05:52,34.00,11.00,37.89,0.00
CLT,2026-02-09 06:52,34.00,12.00,39.61,0.00
CLT,2026-02-09 07:52,33.00,12.00,41.23,0.00
CLT,2026-02-09 08:52,32.00,15.00,48.98,0.00
CLT,2026-02-09 09:52,33.00,17.00,51.32,0.00
CLT,2026-02-09 10:52,34.00,11.00,37.89,3.00
CLT,2026-02-09 11:52,34.00,10.00,36.24,0.00
CLT,2026-02-09 12:52,33.00,12.00,41.23,3.00
CLT,2026-02-09 13:52,35.00,9.00,33.30,3.00
CLT,2026-02-09 14:52,38.00,8.00,28.27,4.00
CLT,2026-02-09 15:52,39.00,9.00,28.44,0.00
CLT,2026-02-09 16:52,41.00,12.00,30.08,4.00
CLT,2026-02-09 17:52,45.00,14.00,28.17,6.00
CLT,2026-02-09 18:52,49.00,16.00,26.44,6.00
CLT,2026-02-09 19:52,50.00,16.00,25.48,5.00
CLT,2026-02-09 20:52,52.00,20.00,28.10,9.00
CLT,2026-02-09 21:52,52.00,23.00,31.91,5.00
CLT,2026-02-09 22:52,50.00,22.00,32.95,3.00
CLT,2026-02-09 23:52,48.00,23.00,37.03,5.00
CLT,2026-02-10 00:52,45.00,22.00,39.76,0.00
CLT,2026-02-10 01:52,42.00,24.00,48.52,4.00
CLT,2026-02-10 02:52,43.00,23.00,44.77,4.00
CLT,2026-02-10 03:52,41.00,23.00,48.36,4.00
CLT,2026-02-10 04:52,40.00,22.00,48.20,5.00
CLT,2026-02-10 05:52,40.00,22.00,48.20,5.00
CLT,2026-02-10 06:52,38.00,23.00,54.36,4.00
CLT,2026-02-10 07:52,36.00,24.00,61.34,4.00
CLT,2026-02-10 08:52,34.00,25.00,69.26,0.00
CLT,2026-02-10 09:52,35.00,26.00,69.37,0.00
CLT,2026-02-10 10:52,33.00,26.00,75.15,0.00
CLT,2026-02-10 11:52,33.00,26.00,75.15,0.00
CLT,2026-02-10 12:52,34.00,28.00,78.41,0.00
CLT,2026-02-10 13:52,42.00,31.00,64.74,0.00
CLT,2026-02-10 14:52,48.00,31.00,51.53,0.00
CLT,2026-02-10 15:52,53.00,33.00,46.40,0.00
CLT,2026-02-10 16:52,59.00,36.00,42.08,0.00
CLT,2026-02-10 17:52,65.00,40.00,39.84,5.00
CLT,2026-02-10 18:52,72.00,43.00,35.19,11.00
CLT,2026-02-10 19:52,70.00,43.00,37.66,7.00
CLT,2026-02-10 20:52,71.00,44.00,37.82,6.00
CLT,2026-02-10 21:52,72.00,45.00,37.99,9.00
CLT,2026-02-10 22:52,70.00,46.00,42.22,10.00
CLT,2026-02-10 23:52,67.00,48.00,50.47,8.00
CLT,2026-02-11 00:52,64.00,48.00,56.01,8.00
CLT,2026-02-11 01:52,64.00,49.00,58.15,11.00
CLT,2026-02-11 02:52,63.00,49.00,60.22,11.00
CLT,2026-02-11 03:52,63.00,50.00,62.51,13.00
CLT,2026-02-11 04:52,62.00,50.00,64.75,12.00
CLT,2026-02-11 05:52,61.00,48.00,62.25,7.00
CLT,2026-02-11 06:52,61.00,47.00,59.95,16.00
CLT,2026-02-11 07:52,61.00,47.00,59.95,11.00
CLT,2026-02-11 08:52,61.00,48.00,62.25,11.00
CLT,2026-02-11 09:52,61.00,48.00,62.25,11.00
CLT,2026-02-11 10:52,61.00,49.00,64.62,8.00
CLT,2026-02-11 11:52,61.00,50.00,67.08,9.00
CLT,2026-02-11 12:52,59.00,51.00,74.75,9.00
CLT,2026-02-11 13:52,62.00,52.00,69.72,7.00
CLT,2026-02-11 14:52,62.00,52.00,69.72,9.00
CLT,2026-02-11 15:52,63.00,53.00,69.83,7.00
CLT,2026-02-11 16:52,64.00,49.00,58.15,7.00
CLT,2026-02-11 17:52,63.00,46.00,53.79,12.00
CLT,2026-02-11 18:52,64.00,27.00,24.50,11.00
CLT,2026-02-11 19:52,69.00,24.00,18.19,4.00
CLT,2026-02-11 20:52,69.00,20.00,15.36,12.00
CLT,2026-02-11 21:52,67.00,20.00,16.46,12.00
CLT,2026-02-11 22:52,62.00,21.00,20.45,9.00
CLT,2026-02-11 23:52,59.00,19.00,20.89,7.00
CLT,2026-02-12 00:52,56.00,19.00,23.27,5.00
CLT,2026-02-12 01:52,54.00,20.00,26.11,6.00
CLT,2026-02-12 02:52,49.00,21.00,32.78,7.00
CLT,2026-02-12 03:52,51.00,17.00,25.64,8.00
CLT,2026-02-12 05:52,47.00,16.00,28.50,8.00
CLT,2026-02-12 06:52,45.00,16.00,30.75,8.00
CLT,2026-02-12 07:52,41.00,17.00,37.44,5.00
CLT,2026-02-12 08:52,38.00,17.00,42.08,8.00
CLT,2026-02-12 09:52,37.00,17.00,43.77,8.00
CLT,2026-02-12 10:52,38.00,17.00,42.08,3.00
CLT,2026-02-12 11:52,36.00,19.00,49.63,7.00
CLT,2026-02-12 12:52,39.00,19.00,44.11,5.00
CLT,2026-02-12 13:52,44.00,19.00,36.36,10.00
CLT,2026-02-12 14:52,48.00,17.00,28.67,12.00
CLT,2026-02-12 15:52,51.00,17.00,25.64,7.00
CLT,2026-02-12 16:52,54.00,17.00,22.96,9.00
CLT,2026-02-12 17:52,55.00,16.00,21.20,9.00
CLT,2026-02-12 18:52,56.00,15.00,19.57,6.00
CLT,2026-02-12 19:52,57.00,14.00,18.07,6.00
CLT,2026-02-12 20:52,57.00,14.00,18.07,7.00
CLT,2026-02-12 21:52,55.00,16.00,21.20,8.00
CLT,2026-02-12 22:52,53.00,15.00,21.83,4.00
CLT,2026-02-12 23:52,51.00,15.00,23.50,3.00
CLT,2026-02-13 00:52,48.00,17.00,28.67,6.00
CLT,2026-02-13 01:52,47.00,17.00,29.77,7.00
CLT,2026-02-13 02:52,45.00,17.00,32.11,7.00
CLT,2026-02-13 03:52,43.00,18.00,36.19,5.00
CLT,2026-02-13 04:52,43.00,17.00,34.66,5.00
CLT,2026-02-13 05:52,41.00,16.00,35.85,6.00
CLT,2026-02-13 06:52,43.00,15.00,31.77,9.00
CLT,2026-02-13 07:52,39.00,15.00,37.10,6.00
CLT,2026-02-13 08:52,37.00,16.00,41.91,4.00
CLT,2026-02-13 09:52,35.00,17.00,47.38,0.00
CLT,2026-02-13 10:52,34.00,19.00,53.74,0.00
CLT,2026-02-13 11:52,32.00,19.00,58.24,0.00
CLT,2026-02-13 12:52,34.00,20.00,56.09,0.00
CLT,2026-02-13 13:52,42.00,18.00,37.61,6.00
CLT,2026-02-13 14:52,46.00,18.00,32.28,4.00
CLT,2026-02-13 15:52,49.00,17.00,27.61,3.00
CLT,2026-02-13 16:52,52.00,18.00,25.80,5.00
CLT,2026-02-13 17:52,53.00,19.00,25.95,0.00
CLT,2026-02-13 18:52,53.00,20.00,27.09,3.00
CLT,2026-02-13 19:52,57.00,21.00,24.44,8.00
CLT,2026-02-13 20:52,56.00,21.00,25.34,0.00
CLT,2026-02-13 21:52,56.00,20.00,24.28,4.00
CLT,2026-02-13 22:52,53.00,22.00,29.49,4.00
CLT,2026-02-13 23:52,50.00,21.00,31.58,4.00
CLT,2026-02-14 00:52,49.00,20.00,31.41,4.00
CLT,2026-02-14 01:52,46.00,22.00,38.28,0.00
CLT,2026-02-14 02:52,43.00,22.00,42.92,0.00
CLT,2026-02-14 03:52,42.00,22.00,44.60,0.00
CLT,2026-02-14 04:52,41.00,23.00,48.36,3.00
CLT,2026-02-14 05:52,37.00,24.00,58.96,4.00
CLT,2026-02-14 06:52,35.00,22.00,58.67,0.00
CLT,2026-02-14 07:52,33.00,23.00,66.30,0.00
CLT,2026-02-14 08:52,32.00,23.00,69.02,0.00
CLT,2026-02-14 09:52,31.00,22.00,68.90,0.00
CLT,2026-02-14 10:52,33.00,24.00,69.14,0.00
CLT,2026-02-14 11:52,31.00,23.00,71.87,0.00
CLT,2026-02-14 12:52,36.00,24.00,61.34,4.00
CLT,2026-02-14 13:52,40.00,28.00,61.89,0.00
CLT,2026-02-14 14:52,49.00,25.00,38.79,7.00
CLT,2026-02-14 15:52,53.00,25.00,33.45,10.00
CLT,2026-02-14 16:52,56.00,23.00,27.57,9.00
CLT,2026-02-14 17:52,59.00,24.00,25.81,5.00
CLT,2026-02-14 18:52,61.00,23.00,23.05,8.00
CLT,2026-02-14 19:52,62.00,25.00,24.19,8.00
CLT,2026-02-14 20:52,61.00,25.00,25.06,9.00
CLT,2026-02-14 21:52,60.00,25.00,25.97,10.00
CLT,2026-02-14 22:52,58.00,26.00,29.08,5.00
CLT,2026-02-14 23:52,55.00,27.00,33.78,6.00
CLT,2026-02-15 00:52,53.00,27.00,36.34,5.00
CLT,2026-02-15 01:52,52.00,28.00,39.29,3.00
CLT,2026-02-15 02:52,53.00,27.00,36.34,3.00
CLT,2026-02-15 03:52,52.00,27.00,37.70,4.00
CLT,2026-02-15 04:52,51.00,27.00,39.12,6.00
CLT,2026-02-15 05:52,51.00,29.00,42.47,7.00
CLT,2026-02-15 06:52,47.00,37.00,68.01,5.00
CLT,2026-02-15 07:52,47.00,39.00,73.56,0.00
CLT,2026-02-15 08:52,46.00,38.00,73.46,4.00
CLT,2026-02-15 09:52,46.00,36.00,67.89,4.00
CLT,2026-02-15 10:52,46.00,36.00,67.89,0.00
CLT,2026-02-15 11:52,47.00,36.00,65.37,4.00
CLT,2026-02-15 12:52,46.00,39.00,76.39,3.00
CLT,2026-02-15 13:52,46.00,41.00,82.57,3.00
CLT,2026-02-15 14:52,46.00,43.00,89.19,4.00
CLT,2026-02-15 15:52,47.00,43.00,85.89,7.00
CLT,2026-02-15 16:52,47.00,44.00,89.24,5.00
CLT,2026-02-15 17:52,46.00,44.00,92.68,6.00
CLT,2026-02-15 18:52,46.00,44.00,92.68,4.00
CLT,2026-02-15 19:52,47.00,45.00,92.71,6.00
CLT,2026-02-15 20:52,47.00,45.00,92.71,5.00
CLT,2026-02-15 21:52,47.00,45.00,92.71,7.00
CLT,2026-02-15 22:52,46.00,44.00,92.68,7.00
CLT,2026-02-15 23:52,46.00,44.00,92.68,8.00
CLT,2026-02-16 00:52,46.00,43.00,89.19,7.00
CLT,2026-02-16 01:52,46.00,43.00,89.19,10.00
CLT,2026-02-16 02:52,46.00,43.00,89.19,8.00
CLT,2026-02-16 03:52,45.00,42.00,89.15,9.00
CLT,2026-02-16 04:52,45.00,42.00,89.15,12.00
CLT,2026-02-16 05:52,45.00,42.00,89.15,12.00
CLT,2026-02-16 06:52,44.00,41.00,89.10,10.00
CLT,2026-02-16 07:52,43.00,40.00,89.05,10.00
CLT,2026-02-16 08:52,42.00,39.00,89.01,6.00
CLT,2026-02-16 09:52,41.00,38.00,88.96,6.00
CLT,2026-02-16 10:52,40.00,37.00,88.91,4.00
CLT,2026-02-16 11:52,40.00,37.00,88.91,4.00
CLT,2026-02-16 12:52,40.00,37.00,88.91,5.00
CLT,2026-02-16 13:52,46.00,41.00,82.57,5.00
CLT,2026-02-16 14:52,51.00,41.00,68.48,10.00
CLT,2026-02-16 15:52,54.00,41.00,61.32,8.00
CLT,2026-02-16 16:52,57.00,40.00,52.90,7.00
CLT,2026-02-16 17:52,59.00,40.00,49.24,3.00
CLT,2026-02-16 18:52,62.00,39.00,42.57,4.00
CLT,2026-02-16 19:52,63.00,39.00,41.10,6.00
CLT,2026-02-16 20:52,64.00,38.00,38.16,5.00
CLT,2026-02-16 21:52,62.00,37.00,39.35,4.00
CLT,2026-02-16 22:52,60.00,38.00,43.94,3.00
CLT,2026-02-16 23:52,57.00,40.00,52.90,0.00
CLT,2026-02-17 00:52,54.00,38.00,54.55,4.00
CLT,2026-02-17 01:52,52.00,39.00,61.05,5.00
CLT,2026-02-17 02:52,50.00,38.00,63.22,3.00
CLT,2026-02-17 03:52,49.00,38.00,65.62,3.00
CLT,2026-02-17 04:52,48.00,38.00,68.12,4.00
CLT,2026-02-17 05:52,45.00,38.00,76.30,0.00
CLT,2026-02-17 06:52,44.00,38.00,79.27,0.00
CLT,2026-02-17 07:52,45.00,38.00,76.30,6.00
CLT,2026-02-17 08:52,43.00,38.00,82.36,3.00
CLT,2026-02-17 09:52,41.00,36.00,82.21,0.00
CLT,2026-02-17 10:52,39.00,35.00,85.41,0.00
CLT,2026-02-17 11:52,39.00,35.00,85.41,4.00
CLT,2026-02-17 12:52,41.00,38.00,88.96,3.00
CLT,2026-02-17 13:52,46.00,41.00,82.57,8.00
CLT,2026-02-17 14:52,51.00,43.00,73.96,9.00
CLT,2026-02-17 15:52,56.00,44.00,63.99,10.00
CLT,2026-02-17 16:52,59.00,44.00,57.44,10.00
CLT,2026-02-17 17:52,61.00,43.00,51.49,10.00
CLT,2026-02-17 18:52,64.00,42.00,44.58,12.00
CLT,2026-02-17 19:52,65.00,42.00,43.05,8.00
CLT,2026-02-17 20:52,65.00,43.00,44.74,11.00
CLT,2026-02-17 21:52,64.00,42.00,44.58,11.00
CLT,2026-02-17 22:52,62.00,42.00,47.82,6.00
CLT,2026-02-17 23:52,61.00,42.00,49.55,7.00
CLT,2026-02-18 00:52,59.00,42.00,53.20,5.00
CLT,2026-02-18 01:52,57.00,40.00,52.90,5.00
CLT,2026-02-18 02:52,55.00,39.00,54.70,4.00
CLT,2026-02-18 03:52,54.00,39.00,56.73,5.00
CLT,2026-02-18 04:52,55.00,39.00,54.70,6.00
CLT,2026-02-18 05:52,55.00,43.00,63.87,9.00
CLT,2026-02-18 06:52,55.00,46.00,71.60,7.00
CLT,2026-02-18 07:52,54.00,47.00,77.12,7.00
CLT,2026-02-18 08:52,54.00,48.00,80.08,9.00
CLT,2026-02-18 09:52,55.00,48.00,77.21,8.00
CLT,2026-02-18 10:52,55.00,49.00,80.16,13.00
CLT,2026-02-18 11:52,54.00,49.00,83.13,7.00
CLT,2026-02-18 12:52,55.00,49.00,80.16,11.00
CLT,2026-02-18 13:52,57.00,50.00,77.39,12.00
CLT,2026-02-18 14:52,58.00,50.00,74.65,10.00
CLT,2026-02-18 15:52,59.00,51.00,74.75,11.00
CLT,2026-02-18 16:52,62.00,52.00,69.72,15.00
CLT,2026-02-18 17:52,64.00,52.00,64.99,18.00
CLT,2026-02-18 18:52,67.00,51.00,56.44,15.00
CLT,2026-02-18 19:52,67.00,51.00,56.44,12.00
CLT,2026-02-18 20:52,67.00,51.00,56.44,12.00
CLT,2026-02-18 21:52,68.00,49.00,50.62,15.00
CLT,2026-02-18 22:52,66.00,50.00,56.29,9.00
CLT,2026-02-18 23:52,64.00,51.00,62.64,7.00
CLT,2026-02-19 00:52,62.00,51.00,67.19,5.00
CLT,2026-02-19 01:52,62.00,51.00,67.19,8.00
CLT,2026-02-19 02:52,62.00,52.00,69.72,9.00
CLT,2026-02-19 03:52,61.00,52.00,72.23,6.00
CLT,2026-02-19 04:52,61.00,52.00,72.23,6.00
CLT,2026-02-19 05:52,60.00,52.00,74.84,6.00
CLT,2026-02-19 06:52,61.00,52.00,72.23,9.00
CLT,2026-02-19 07:52,61.00,53.00,74.94,10.00
CLT,2026-02-19 08:52,61.00,53.00,74.94,8.00
CLT,2026-02-19 09:52,60.00,54.00,80.54,4.00
CLT,2026-02-19 10:52,59.00,54.00,83.47,5.00
CLT,2026-02-19 11:52,59.00,54.00,83.47,6.00
CLT,2026-02-19 12:52,60.00,54.00,80.54,6.00
CLT,2026-02-19 13:52,61.00,55.00,80.62,8.00
CLT,2026-02-19 14:52,62.00,56.00,80.70,9.00
CLT,2026-02-19 15:52,65.00,57.00,75.32,8.00
CLT,2026-02-19 16:52,65.00,58.00,78.08,7.00
CLT,2026-02-19 17:52,68.00,59.00,72.95,10.00
CLT,2026-02-19 18:52,73.00,56.00,55.24,13.00
CLT,2026-02-19 19:52,75.00,53.00,46.31,14.00
CLT,2026-02-19 20:52,76.00,53.00,44.80,13.00
CLT,2026-02-19 21:52,75.00,53.00,46.31,9.00
CLT,2026-02-19 22:52,73.00,55.00,53.28,9.00
CLT,2026-02-19 23:52,71.00,55.00,57.00,8.00
CLT,2026-02-20 00:52,70.00,55.00,58.97,6.00
CLT,2026-02-20 01:52,68.00,55.00,63.15,6.00
CLT,2026-02-20 02:52,67.00,56.00,67.78,6.00
CLT,2026-02-20 03:52,67.00,56.00,67.78,9.00
CLT,2026-02-20 04:52,66.00,56.00,70.16,8.00
CLT,2026-02-20 05:52,66.00,57.00,72.74,7.00
CLT,2026-02-20 06:52,65.00,57.00,75.32,4.00
CLT,2026-02-20 07:52,66.00,58.00,75.41,6.00
CLT,2026-02-20 08:52,67.00,59.00,75.50,8.00
CLT,2026-02-20 09:52,66.00,60.00,81.00,12.00
CLT,2026-02-20 10:52,67.00,60.00,78.24,14.00
CLT,2026-02-20 11:52,67.00,61.00,81.07,11.00
CLT,2026-02-20 12:52,68.00,61.00,78.33,10.00
CLT,2026-02-20 13:52,70.00,62.00,75.78,12.00
CLT,2026-02-20 14:52,71.00,61.00,70.70,11.00
CLT,2026-02-20 15:52,62.00,57.00,83.67,7.00
CLT,2026-02-20 16:52,71.00,59.00,65.84,5.00
CLT,2026-02-20 17:52,78.00,46.00,32.30,15.00
CLT,2026-02-20 18:52,80.00,37.00,21.36,16.00
CLT,2026-02-20 19:52,81.00,41.00,24.18,6.00
CLT,2026-02-20 20:52,82.00,38.00,20.82,8.00
CLT,2026-02-20 21:52,81.00,27.00,13.81,12.00
CLT,2026-02-20 22:52,77.00,26.00,15.11,7.00
CLT,2026-02-20 23:52,74.00,28.00,18.13,6.00
CLT,2026-02-21 00:52,71.00,27.00,19.25,6.00
CLT,2026-02-21 01:52,68.00,27.00,21.33,4.00
CLT,2026-02-21 02:52,66.00,26.00,21.93,3.00
CLT,2026-02-21 03:52,63.00,27.00,25.38,5.00
CLT,2026-02-21 04:52,60.00,31.00,33.23,0.00
CLT,2026-02-21 05:52,60.00,34.00,37.50,0.00
CLT,2026-02-21 06:52,59.00,35.00,40.44,0.00
CLT,2026-02-21 07:52,60.00,36.00,40.61,0.00
CLT,2026-02-21 08:52,60.00,36.00,40.61,0.00
CLT,2026-02-21 09:52,60.00,35.00,39.03,5.00
CLT,2026-02-21 10:52,59.00,36.00,42.08,13.00
CLT,2026-02-21 11:52,54.00,41.00,61.32,4.00
CLT,2026-02-21 12:52,51.00,44.00,76.85,0.00
CLT,2026-02-21 13:52,50.00,47.00,89.37,4.00
CLT,2026-02-21 14:52,51.00,48.00,89.42,5.00
CLT,2026-02-21 15:52,54.00,49.00,83.13,0.00
CLT,2026-02-21 16:52,56.00,49.00,77.30,0.00
CLT,2026-02-21 17:52,59.00,52.00,77.56,0.00
CLT,2026-02-21 18:52,61.00,50.00,67.08,3.00
CLT,2026-02-21 19:52,62.00,52.00,69.72,6.00
CLT,2026-02-21 20:52,64.00,52.00,64.99,5.00
CLT,2026-02-21 21:52,64.00,50.00,60.35,7.00
CLT,2026-02-21 22:52,62.00,50.00,64.75,6.00
CLT,2026-02-21 23:52,60.00,51.00,72.13,4.00
CLT,2026-02-22 00:52,60.00,51.00,72.13,6.00
CLT,2026-02-22 01:52,57.00,50.00,77.39,5.00
CLT,2026-02-22 02:52,57.00,50.00,77.39,6.00
CLT,2026-02-22 03:52,56.00,49.00,77.30,0.00
CLT,2026-02-22 04:52,55.00,49.00,80.16,5.00
CLT,2026-02-22 05:52,55.00,48.00,77.21,0.00
CLT,2026-02-22 06:52,53.00,50.00,89.51,3.00
CLT,2026-02-22 07:52,53.00,50.00,89.51,0.00
CLT,2026-02-22 08:52,53.00,51.00,92.89,0.00
CLT,2026-02-22 09:52,53.00,50.00,89.51,13.00
CLT,2026-02-22 10:52,49.00,45.00,86.00,10.00
CLT,2026-02-22 11:52,49.00,45.00,86.00,6.00
CLT,2026-02-22 12:52,47.00,43.00,85.89,6.00
CLT,2026-02-22 13:52,49.00,43.00,79.68,8.00
CLT,2026-02-22 14:52,49.00,40.00,70.96,6.00
CLT,2026-02-22 15:52,50.00,32.00,49.79,13.00
CLT,2026-02-22 16:52,51.00,30.00,44.24,15.00
CLT,2026-02-22 17:52,49.00,18.00,28.83,16.00
CLT,2026-02-22 18:52,49.00,18.00,28.83,17.00
CLT,2026-02-22 19:52,47.00,18.00,31.08,23.00
CLT,2026-02-22 20:52,46.00,17.00,30.91,19.00
CLT,2026-02-22 21:52,44.00,17.00,33.36,22.00
CLT,2026-02-22 22:52,40.00,17.00,38.92,15.00
CLT,2026-02-22 23:52,37.00,16.00,41.91,14.00
CLT,2026-02-23 00:52,35.00,15.00,43.44,13.00
CLT,2026-02-23 01:52,34.00,15.00,45.20,14.00
CLT,2026-02-23 02:52,33.00,16.00,49.15,10.00
CLT,2026-02-23 03:52,32.00,15.00,48.98,8.00
CLT,2026-02-23 04:52,31.00,14.00,48.82,7.00
CLT,2026-02-23 05:52,30.00,13.00,48.66,11.00
CLT,2026-02-23 06:52,30.00,12.00,46.55,8.00
CLT,2026-02-23 07:52,29.00,11.00,46.39,13.00
CLT,2026-02-23 08:52,28.00,13.00,52.81,11.00
CLT,2026-02-23 09:52,28.00,11.00,48.33,9.00
CLT,2026-02-23 10:52,27.00,11.00,50.36,11.00
CLT,2026-02-23 11:52,27.00,11.00,50.36,10.00
CLT,2026-02-23 12:52,28.00,11.00,48.33,11.00
CLT,2026-02-23 13:52,30.00,11.00,44.53,10.00
CLT,2026-02-23 14:52,33.00,12.00,41.23,14.00
CLT,2026-02-23 15:52,37.00,13.00,36.75,12.00
CLT,2026-02-23 16:52,39.00,13.00,33.98,17.00
CLT,2026-02-23 17:52,40.00,13.00,32.68,20.00
CLT,2026-02-23 18:52,41.00,13.00,31.44,14.00
CLT,2026-02-23 19:52,42.00,12.00,28.94,12.00
CLT,2026-02-23 20:52,41.00,12.00,30.08,19.00
CLT,2026-02-23 21:52,39.00,13.00,33.98,16.00
CLT,2026-02-23 22:52,37.00,13.00,36.75,12.00
CLT,2026-02-23 23:52,34.00,13.00,41.40,13.00
CLT,2026-02-24 00:52,32.00,13.00,44.87,8.00
CLT,2026-02-24 01:52,31.00,13.00,46.72,6.00
CLT,2026-02-24 02:52,30.00,13.00,48.66,10.00
CLT,2026-02-24 03:52,30.00,13.00,48.66,11.00
CLT,2026-02-24 04:52,29.00,13.00,50.68,6.00
CLT,2026-02-24 05:52,28.00,14.00,55.18,4.00
CLT,2026-02-24 06:52,27.00,13.00,55.03,6.00
CLT,2026-02-24 07:52,26.00,14.00,59.93,7.00
CLT,2026-02-24 08:52,26.00,12.00,54.87,5.00
CLT,2026-02-24 09:52,26.00,12.00,54.87,6.00
CLT,2026-02-24 10:52,25.00,12.00,57.20,5.00
CLT,2026-02-24 11:52,25.00,12.00,57.20,0.00
CLT,2026-02-24 12:52,27.00,14.00,57.50,5.00
CLT,2026-02-24 13:52,29.00,13.00,50.68,4.00
CLT,2026-02-24 14:52,32.00,13.00,44.87,0.00
CLT,2026-02-24 15:52,34.00,13.00,41.40,5.00
CLT,2026-02-24 16:52,35.00,14.00,41.57,7.00
CLT,2026-02-24 17:52,37.00,14.00,38.41,0.00
CLT,2026-02-24 18:52,38.00,15.00,38.58,4.00
CLT,2026-02-24 19:52,39.00,15.00,37.10,5.00
CLT,2026-02-24 20:52,42.00,17.00,36.02,5.00
CLT,2026-02-24 21:52,42.00,16.00,34.49,5.00
CLT,2026-02-24 22:52,41.00,15.00,34.32,7.00
CLT,2026-02-24 23:52,40.00,16.00,37.27,5.00
CLT,2026-02-25 00:52,41.00,16.00,35.85,5.00
CLT,2026-02-25 01:52,41.00,17.00,37.44,5.00
CLT,2026-02-25 02:52,41.00,18.00,39.09,6.00
CLT,2026-02-25 03:52,44.00,19.00,36.36,12.00
CLT,2026-02-25 04:52,43.00,20.00,39.43,12.00
CLT,2026-02-25 05:52,45.00,19.00,35.00,10.00
CLT,2026-02-25 06:52,44.00,19.00,36.36,12.00
CLT,2026-02-25 07:52,44.00,19.00,36.36,14.00
CLT,2026-02-25 08:52,44.00,19.00,36.36,9.00
CLT,2026-02-25 09:52,45.00,19.00,35.00,14.00
CLT,2026-02-25 10:52,44.00,20.00,37.95,17.00
CLT,2026-02-25 11:52,43.00,21.00,41.14,14.00
CLT,2026-02-25 12:52,44.00,21.00,39.59,14.00
CLT,2026-02-25 13:52,45.00,22.00,39.76,14.00
CLT,2026-02-25 14:52,47.00,23.00,38.45,12.00
CLT,2026-02-25 15:52,50.00,25.00,37.37,13.00
CLT,2026-02-25 16:52,54.00,29.00,38.03,12.00
CLT,2026-02-25 17:52,57.00,31.00,37.00,15.00
CLT,2026-02-25 18:52,59.00,36.00,42.08,14.00
CLT,2026-02-25 19:52,61.00,38.00,42.41,14.00
CLT,2026-02-25 20:52,61.00,41.00,47.67,13.00
CLT,2026-02-25 21:52,59.00,43.00,55.29,15.00
CLT,2026-02-25 22:52,57.00,43.00,59.40,12.00
CLT,2026-02-25 23:52,57.00,43.00,59.40,11.00
CLT,2026-02-26 00:52,56.00,44.00,63.99,12.00
CLT,2026-02-26 01:52,56.00,45.00,66.48,12.00
CLT,2026-02-26 02:52,55.00,46.00,71.60,9.00
CLT,2026-02-26 03:52,55.00,46.00,71.60,6.00
CLT,2026-02-26 04:52,54.00,47.00,77.12,5.00
CLT,2026-02-26 05:52,52.00,49.00,89.46,0.00
CLT,2026-02-26 06:52,52.00,49.00,89.46,3.00
CLT,2026-02-26 07:52,51.00,48.00,89.42,3.00
CLT,2026-02-26 08:52,51.00,49.00,92.83,4.00
CLT,2026-02-26 09:52,52.00,49.00,89.46,3.00
CLT,2026-02-26 10:52,51.00,49.00,92.83,4.00
CLT,2026-02-26 11:52,51.00,49.00,92.83,0.00
CLT,2026-02-26 12:52,52.00,50.00,92.86,3.00
CLT,2026-02-26 13:52,52.00,50.00,92.86,0.00
CLT,2026-02-26 14:52,53.00,50.00,89.51,0.00
CLT,2026-02-26 15:52,53.00,51.00,92.89,0.00
CLT,2026-02-26 16:52,53.00,51.00,92.89,4.00
CLT,2026-02-26 17:52,54.00,51.00,89.55,7.00
CLT,2026-02-26 18:52,53.00,51.00,92.89,0.00
CLT,2026-02-26 19:52,54.00,52.00,92.92,0.00
CLT,2026-02-26 20:52,54.00,52.00,92.92,3.00
CLT,2026-02-26 21:52,57.00,53.00,86.46,5.00
CLT,2026-02-26 22:52,57.00,54.00,89.68,5.00
CLT,2026-02-26 23:52,56.00,53.00,89.64,5.00
CLT,2026-02-27 00:52,56.00,54.00,92.98,3.00
CLT,2026-02-27 01:52,56.00,54.00,92.98,0.00
CLT,2026-02-27 02:52,56.00,54.00,92.98,0.00
CLT,2026-02-27 03:52,56.00,54.00,92.98,3.00
CLT,2026-02-27 04:52,56.00,54.00,92.98,0.00
CLT,2026-02-27 05:52,56.00,54.00,92.98,0.00
CLT,2026-02-27 06:52,56.00,54.00,92.98,0.00
CLT,2026-02-27 07:52,56.00,54.00,92.98,3.00
CLT,2026-02-27 08:52,55.00,53.00,92.95,6.00
CLT,2026-02-27 09:52,55.00,53.00,92.95,6.00
CLT,2026-02-27 10:52,53.00,51.00,92.89,8.00
CLT,2026-02-27 11:52,53.00,51.00,92.89,7.00
CLT,2026-02-27 12:52,53.00,50.00,89.51,11.00
CLT,2026-02-27 13:52,52.00,49.00,89.46,12.00
CLT,2026-02-27 14:52,51.00,49.00,92.83,9.00
CLT,2026-02-27 15:52,51.00,48.00,89.42,9.00
CLT,2026-02-27 16:52,51.00,48.00,89.42,9.00
CLT,2026-02-27 17:52,51.00,48.00,89.42,8.00
CLT,2026-02-27 18:52,51.00,48.00,89.42,9.00
CLT,2026-02-27 19:52,52.00,48.00,86.18,7.00
CLT,2026-02-27 20:52,52.00,48.00,86.18,9.00
CLT,2026-02-27 21:52,51.00,48.00,89.42,7.00
CLT,2026-02-27 22:52,51.00,47.00,86.12,7.00
CLT,2026-02-27 23:52,51.00,47.00,86.12,8.00
CLT,2026-02-28 00:52,51.00,47.00,86.12,8.00
CLT,2026-02-28 01:52,50.00,47.00,89.37,6.00
CLT,2026-02-28 02:52,50.00,47.00,89.37,6.00
CLT,2026-02-28 03:52,50.00,46.00,86.06,7.00
CLT,2026-02-28 04:52,50.00,46.00,86.06,6.00
CLT,2026-02-28 05:52,49.00,46.00,89.33,5.00
CLT,2026-02-28 06:52,48.00,46.00,92.74,5.00
CLT,2026-02-28 07:52,48.00,46.00,92.74,4.00
CLT,2026-02-28 08:35,48.00,45.00,89.28,5.00
CLT,2026-02-28 08:35,M,M,M,5.00
CLT,2026-02-28 08:52,48.00,45.00,89.28,0.00
CLT,2026-02-28 09:52,48.00,44.00,85.95,0.00
CLT,2026-02-28 10:52,47.00,44.00,89.24,4.00
CLT,2026-02-28 11:52,47.00,44.00,89.24,6.00
CLT,2026-02-28 12:52,47.00,44.00,89.24,5.00
CLT,2026-02-28 13:52,48.00,44.00,85.95,0.00
CLT,2026-02-28 14:52,48.00,44.00,85.95,5.00
CLT,2026-02-28 15:52,50.00,44.00,79.76,0.00
CLT,2026-02-28 16:52,50.00,45.00,82.86,3.00
CLT,2026-02-28 17:52,52.00,45.00,76.94,3.00
CLT,2026-02-28 18:52,55.00,46.00,71.60,0.00
CLT,2026-02-28 19:52,59.00,47.00,64.37,0.00
CLT,2026-02-28 20:52,60.00,47.00,62.12,0.00
CLT,2026-02-28 21:52,59.00,46.00,61.99,5.00
CLT,2026-02-28 22:52,59.00,47.00,64.37,4.00
CLT,2026-02-28 23:52,56.00,47.00,71.71,4.00
CLT,2026-03-01 00:52,54.00,46.00,74.26,5.00
CLT,2026-03-01 01:52,53.00,47.00,80.00,6.00
CLT,2026-03-01 02:52,51.00,47.00,86.12,3.00
CLT,2026-03-01 03:52,50.00,47.00,89.37,5.00
CLT,2026-03-01 04:52,49.00,46.00,89.33,3.00
CLT,2026-03-01 05:52,47.00,44.00,89.24,3.00
CLT,2026-03-01 06:52,47.00,44.00,89.24,3.00
CLT,2026-03-01 07:52,47.00,45.00,92.71,5.00
CLT,2026-03-01 08:52,47.00,45.00,92.71,3.00
CLT,2026-03-01 09:52,45.00,43.00,92.64,3.00
CLT,2026-03-01 10:52,45.00,43.00,92.64,4.00
CLT,2026-03-01 11:52,44.00,42.00,92.61,0.00
CLT,2026-03-01 12:52,48.00,46.00,92.74,0.00
CLT,2026-03-01 13:52,51.00,48.00,89.42,0.00
CLT,2026-03-01 14:52,58.00,49.00,71.92,3.00
CLT,2026-03-01 15:52,66.00,47.00,50.31,0.00
CLT,2026-03-01 16:52,71.00,46.00,40.81,6.00
CLT,2026-03-01 17:52,75.00,44.00,33.06,10.00
CLT,2026-03-01 18:52,76.00,40.00,27.41,11.00
CLT,2026-03-01 19:52,76.00,39.00,26.36,8.00
CLT,2026-03-01 20:52,76.00,39.00,26.36,7.00
CLT,2026-03-01 21:52,76.00,40.00,27.41,8.00
CLT,2026-03-01 22:52,72.00,40.00,31.34,5.00
CLT,2026-03-01 23:52,70.00,40.00,33.54,3.00
CLT,2026-03-02 00:52,69.00,41.00,36.08,3.00
CLT,2026-03-02 01:52,64.00,43.00,46.33,3.00
CLT,2026-03-02 02:52,66.00,41.00,40.01,4.00
CLT,2026-03-02 03:52,59.00,43.00,55.29,3.00
CLT,2026-03-02 04:52,63.00,41.00,44.42,5.00
CLT,2026-03-02 05:52,61.00,40.00,45.85,8.00
CLT,2026-03-02 06:52,59.00,41.00,51.18,10.00
CLT,2026-03-02 07:52,55.00,44.00,66.36,10.00
CLT,2026-03-02 08:52,52.00,42.00,68.59,16.00
CLT,2026-03-02 09:52,49.00,37.00,63.09,18.00
CLT,2026-03-02 10:52,47.00,36.00,65.37,14.00
CLT,2026-03-02 11:52,46.00,34.00,62.69,16.00
CLT,2026-03-02 12:52,46.00,33.00,60.23,11.00
CLT,2026-03-02 13:52,46.00,33.00,60.23,16.00
CLT,2026-03-02 14:52,47.00,33.00,58.00,12.00
CLT,2026-03-02 15:52,49.00,33.00,53.80,10.00
CLT,2026-03-02 16:52,50.00,32.00,49.79,10.00
CLT,2026-03-02 17:52,50.00,32.00,49.79,9.00
CLT,2026-03-02 18:52,52.00,33.00,48.14,8.00
CLT,2026-03-02 19:52,53.00,32.00,44.57,9.00
CLT,2026-03-02 20:52,52.00,32.00,46.24,7.00
CLT,2026-03-02 21:52,51.00,32.00,47.98,10.00
CLT,2026-03-02 22:52,51.00,31.00,46.07,12.00
CLT,2026-03-02 23:52,49.00,32.00,51.68,10.00
CLT,2026-03-03 00:52,48.00,33.00,55.86,9.00
CLT,2026-03-03 01:52,47.00,33.00,58.00,11.00
CLT,2026-03-03 02:52,46.00,33.00,60.23,7.00
CLT,2026-03-03 03:52,45.00,33.00,62.56,8.00
CLT,2026-03-03 04:52,45.00,33.00,62.56,7.00
CLT,2026-03-03 05:52,45.00,33.00,62.56,8.00
CLT,2026-03-03 06:52,44.00,33.00,64.99,6.00
CLT,2026-03-03 07:52,43.00,33.00,67.53,9.00
CLT,2026-03-03 08:52,42.00,33.00,70.18,6.00
CLT,2026-03-03 09:52,41.00,34.00,75.92,8.00
CLT,2026-03-03 10:52,41.00,35.00,79.01,7.00
CLT,2026-03-03 11:52,40.00,36.00,85.47,8.00
CLT,2026-03-03 12:52,41.00,36.00,82.21,6.00
CLT,2026-03-03 13:52,41.00,37.00,85.53,6.00
CLT,2026-03-03 14:52,43.00,38.00,82.36,6.00
CLT,2026-03-03 15:52,46.00,39.00,76.39,3.00
CLT,2026-03-03 16:52,47.00,40.00,76.49,0.00
CLT,2026-03-03 17:52,50.00,41.00,71.06,0.00
CLT,2026-03-03 18:52,53.00,42.00,66.11,3.00
CLT,2026-03-03 19:52,56.00,43.00,61.59,0.00
CLT,2026-03-03 20:52,57.00,45.00,64.12,3.00
CLT,2026-03-03 21:52,57.00,46.00,66.60,5.00
CLT,2026-03-03 22:52,58.00,46.00,64.25,6.00
CLT,2026-03-03 23:52,55.00,46.00,71.60,0.00
CLT,2026-03-04 00:52,53.00,46.00,77.03,3.00
CLT,2026-03-04 01:52,52.00,46.00,79.92,3.00
CLT,2026-03-04 02:52,51.00,46.00,82.93,5.00
CLT,2026-03-04 03:52,50.00,45.00,82.86,5.00
CLT,2026-03-04 04:52,50.00,46.00,86.06,3.00
CLT,2026-03-04 05:52,51.00,47.00,86.12,4.00
CLT,2026-03-04 06:52,51.00,47.00,86.12,5.00
CLT,2026-03-04 07:52,51.00,46.00,82.93,3.00
CLT,2026-03-04 08:52,50.00,47.00,89.37,3.00
CLT,2026-03-04 09:52,49.00,46.00,89.33,3.00
CLT,2026-03-04 10:52,49.00,45.00,86.00,3.00
CLT,2026-03-04 11:52,48.00,45.00,89.28,5.00
CLT,2026-03-04 12:52,50.00,47.00,89.37,4.00
CLT,2026-03-04 13:52,56.00,50.00,80.23,7.00
CLT,2026-03-04 14:52,61.00,51.00,69.61,8.00
CLT,2026-03-04 15:52,65.00,51.00,60.49,9.00
CLT,2026-03-04 16:52,69.00,52.00,54.67,6.00
CLT,2026-03-04 17:52,73.00,51.00,46.00,8.00
CLT,2026-03-04 18:52,75.00,52.00,44.64,4.00
CLT,2026-03-04 19:52,76.00,52.00,43.18,10.00
CLT,2026-03-04 20:52,76.00,53.00,44.80,10.00
CLT,2026-03-04 21:52,76.00,53.00,44.80,10.00
CLT,2026-03-04 22:52,74.00,54.00,49.67,4.00
CLT,2026-03-04 23:52,70.00,55.00,58.97,5.00
CLT,2026-03-05 00:52,68.00,55.00,63.15,4.00
CLT,2026-03-05 01:52,66.00,54.00,65.24,5.00
CLT,2026-03-05 02:52,64.00,54.00,69.94,4.00
CLT,2026-03-05 03:52,64.00,54.00,69.94,5.00
CLT,2026-03-05 04:52,63.00,54.00,72.44,5.00
CLT,2026-03-05 05:52,62.00,54.00,75.03,4.00
CLT,2026-03-05 06:52,60.00,53.00,77.65,4.00
CLT,2026-03-05 07:52,58.00,53.00,83.40,6.00
CLT,2026-03-05 08:52,59.00,53.00,80.47,9.00
CLT,2026-03-05 09:52,58.00,53.00,83.40,6.00
CLT,2026-03-05 10:52,57.00,53.00,86.46,6.00
CLT,2026-03-05 11:52,58.00,55.00,89.73,9.00
CLT,2026-03-05 12:52,60.00,57.00,89.81,11.00
CLT,2026-03-05 13:52,62.00,58.00,86.73,12.00
CLT,2026-03-05 14:52,65.00,59.00,80.92,13.00
CLT,2026-03-05 15:52,66.00,58.00,75.41,12.00
CLT,2026-03-05 16:52,70.00,59.00,68.12,12.00
CLT,2026-03-05 17:52,73.00,58.00,59.38,14.00
CLT,2026-03-05 18:52,75.00,58.00,55.53,15.00
CLT,2026-03-05 19:52,76.00,57.00,51.81,14.00
CLT,2026-03-05 20:52,77.00,56.00,48.35,14.00
CLT,2026-03-05 21:52,76.00,56.00,49.97,10.00
CLT,2026-03-05 22:52,75.00,55.00,49.82,9.00
CLT,2026-03-05 23:52,72.00,55.00,55.10,6.00
CLT,2026-03-06 00:52,70.00,55.00,58.97,4.00
CLT,2026-03-06 01:52,68.00,55.00,63.15,5.00
CLT,2026-03-06 02:52,67.00,55.00,65.36,4.00
CLT,2026-03-06 03:52,64.00,55.00,72.54,4.00
CLT,2026-03-06 04:52,63.00,55.00,75.13,6.00
CLT,2026-03-06 05:52,63.00,55.00,75.13,5.00
CLT,2026-03-06 06:52,62.00,55.00,77.82,6.00
CLT,2026-03-06 07:52,61.00,56.00,83.60,6.00
CLT,2026-03-06 08:52,61.00,57.00,86.68,5.00
CLT,2026-03-06 09:52,61.00,57.00,86.68,4.00
CLT,2026-03-06 10:52,60.00,57.00,89.81,4.00
CLT,2026-03-06 11:52,59.00,57.00,93.07,6.00
CLT,2026-03-06 12:52,62.00,59.00,89.89,7.00
CLT,2026-03-06 13:52,67.00,60.00,78.24,8.00
CLT,2026-03-06 14:52,72.00,60.00,65.96,6.00
CLT,2026-03-06 15:52,76.00,61.00,59.78,8.00
CLT,2026-03-06 16:52,78.00,61.00,55.95,8.00
CLT,2026-03-06 17:52,81.00,58.00,45.57,9.00
CLT,2026-03-06 18:52,80.00,58.00,47.08,12.00
CLT,2026-03-06 19:52,81.00,58.00,45.57,7.00
CLT,2026-03-06 20:52,82.00,60.00,47.39,9.00
CLT,2026-03-06 21:52,80.00,58.00,47.08,12.00
CLT,2026-03-06 22:52,78.00,59.00,52.11,10.00
CLT,2026-03-06 23:52,75.00,59.00,57.55,5.00
CLT,2026-03-07 00:52,73.00,60.00,63.78,3.00
CLT,2026-03-07 01:52,72.00,60.00,65.96,4.00
CLT,2026-03-07 02:52,70.00,60.00,70.59,4.00
CLT,2026-03-07 03:52,70.00,60.00,70.59,5.00
CLT,2026-03-07 04:52,70.00,60.00,70.59,5.00
CLT,2026-03-07 05:52,68.00,60.00,75.59,5.00
CLT,2026-03-07 06:52,67.00,59.00,75.50,6.00
CLT,2026-03-07 07:52,66.00,60.00,81.00,6.00
CLT,2026-03-07 08:52,64.00,60.00,86.84,5.00
CLT,2026-03-07 09:52,64.00,60.00,86.84,6.00
CLT,2026-03-07 10:52,64.00,61.00,89.98,5.00
CLT,2026-03-07 11:52,65.00,61.00,86.89,9.00
CLT,2026-03-07 12:52,65.00,61.00,86.89,8.00
CLT,2026-03-07 13:52,65.00,62.00,90.02,7.00
CLT,2026-03-07 14:52,67.00,62.00,83.99,8.00
CLT,2026-03-07 15:52,68.00,62.00,81.15,8.00
CLT,2026-03-07 16:52,69.00,62.00,78.41,8.00
CLT,2026-03-07 17:52,73.00,62.00,68.46,11.00
CLT,2026-03-07 18:52,74.00,62.00,66.20,11.00
CLT,2026-03-07 19:52,79.00,62.00,56.09,11.00
CLT,2026-03-07 20:52,79.00,61.00,54.14,9.00
CLT,2026-03-07 21:52,78.00,62.00,57.97,9.00
CLT,2026-03-07 22:52,73.00,60.00,63.78,9.00
CLT,2026-03-07 23:52,71.00,60.00,68.23,7.00
CLT,2026-03-08 00:52,69.00,61.00,75.69,6.00
CLT,2026-03-08 01:52,68.00,60.00,75.59,5.00
CLT,2026-03-08 02:52,67.00,61.00,81.07,5.00
CLT,2026-03-08 03:52,68.00,60.00,75.59,8.00
CLT,2026-03-08 04:52,69.00,60.00,73.05,12.00
CLT,2026-03-08 05:52,64.00,60.00,86.84,8.00
CLT,2026-03-08 06:52,63.00,60.00,89.94,7.00
CLT,2026-03-08 07:52,62.00,60.00,93.16,6.00
CLT,2026-03-08 08:52,62.00,60.00,93.16,8.00
CLT,2026-03-08 09:52,63.00,61.00,93.19,6.00
CLT,2026-03-08 10:52,63.00,60.00,89.94,8.00
CLT,2026-03-08 11:52,64.00,60.00,86.84,10.00
CLT,2026-03-08 12:52,64.00,61.00,89.98,8.00
CLT,2026-03-08 13:52,65.00,61.00,86.89,6.00
CLT,2026-03-08 14:52,67.00,61.00,81.07,10.00
CLT,2026-03-08 15:52,71.00,60.00,68.23,8.00
CLT,2026-03-08 16:52,70.00,60.00,70.59,11.00
CLT,2026-03-08 17:52,68.00,60.00,75.59,10.00
CLT,2026-03-08 18:52,69.00,60.00,73.05,10.00
CLT,2026-03-08 19:52,69.00,59.00,70.49,11.00
CLT,2026-03-08 20:52,67.00,59.00,75.50,14.00
CLT,2026-03-08 21:52,68.00,59.00,72.95,9.00
CLT,2026-03-08 22:52,68.00,58.00,70.38,8.00
CLT,2026-03-08 23:52,67.00,58.00,72.85,5.00
CLT,2026-03-09 00:52,65.00,58.00,78.08,4.00
CLT,2026-03-09 01:52,64.00,58.00,80.85,3.00
CLT,2026-03-09 02:52,62.00,58.00,86.73,4.00
CLT,2026-03-09 03:52,61.00,58.00,89.85,6.00
CLT,2026-03-09 04:52,61.00,58.00,89.85,4.00
CLT,2026-03-09 05:52,60.00,58.00,93.10,4.00
CLT,2026-03-09 06:52,61.00,60.00,96.51,6.00
CLT,2026-03-09 07:52,62.00,60.00,93.16,6.00
CLT,2026-03-09 08:52,61.00,59.00,93.13,5.00
CLT,2026-03-09 09:52,61.00,59.00,93.13,5.00
CLT,2026-03-09 10:52,60.00,58.00,93.10,4.00
CLT,2026-03-09 11:52,60.00,58.00,93.10,3.00
CLT,2026-03-09 12:52,61.00,58.00,89.85,0.00
CLT,2026-03-09 13:52,63.00,57.00,80.77,0.00
CLT,2026-03-09 14:52,66.00,57.00,72.74,3.00
CLT,2026-03-09 15:52,71.00,56.00,59.11,3.00
CLT,2026-03-09 16:52,73.00,55.00,53.28,3.00
CLT,2026-03-09 17:52,74.00,54.00,49.67,3.00
CLT,2026-03-09 18:52,77.00,49.00,37.37,8.00
CLT,2026-03-09 19:52,78.00,47.00,33.54,4.00
CLT,2026-03-09 20:52,79.00,45.00,30.09,6.00
CLT,2026-03-09 21:52,79.00,40.00,24.83,9.00
CLT,2026-03-09 22:52,78.00,38.00,23.73,5.00
CLT,2026-03-09 23:52,73.00,40.00,30.30,3.00
CLT,2026-03-10 00:52,69.00,42.00,37.50,5.00
CLT,2026-03-10 01:52,68.00,40.00,35.92,5.00
CLT,2026-03-10 02:52,67.00,40.00,37.17,6.00
CLT,2026-03-10 03:52,65.00,42.00,43.05,5.00
CLT,2026-03-10 04:52,65.00,44.00,46.49,5.00
CLT,2026-03-10 05:52,64.00,46.00,51.94,4.00
CLT,2026-03-10 06:52,62.00,48.00,60.09,5.00
CLT,2026-03-10 07:52,64.00,48.00,56.01,4.00
CLT,2026-03-10 08:52,65.00,49.00,56.15,5.00
CLT,2026-03-10 09:52,64.00,49.00,58.15,4.00
CLT,2026-03-10 10:52,64.00,50.00,60.35,6.00
CLT,2026-03-10 11:52,62.00,50.00,64.75,4.00
CLT,2026-03-10 12:52,63.00,51.00,64.87,5.00
CLT,2026-03-10 13:52,69.00,53.00,56.72,7.00
CLT,2026-03-10 14:52,74.00,54.00,49.67,6.00
CLT,2026-03-10 15:52,79.00,51.00,37.69,6.00
CLT,2026-03-10 16:52,82.00,50.00,32.94,7.00
CLT,2026-03-10 17:52,86.00,51.00,30.06,8.00
CLT,2026-03-10 18:52,83.00,50.00,31.89,9.00
CLT,2026-03-10 19:52,84.00,50.00,30.88,4.00
CLT,2026-03-10 20:52,86.00,51.00,30.06,3.00
CLT,2026-03-10 21:52,83.00,52.00,34.34,5.00
CLT,2026-03-10 22:52,82.00,51.00,34.18,6.00
CLT,2026-03-10 23:52,78.00,52.00,40.42,4.00
CLT,2026-03-11 00:52,75.00,52.00,44.64,4.00
CLT,2026-03-11 01:52,74.00,54.00,49.67,4.00
CLT,2026-03-11 02:52,72.00,55.00,55.10,4.00
CLT,2026-03-11 03:52,71.00,58.00,63.53,6.00
CLT,2026-03-11 04:52,71.00,59.00,65.84,7.00
CLT,2026-03-11 05:52,71.00,60.00,68.23,5.00
CLT,2026-03-11 06:52,70.00,61.00,73.15,6.00
CLT,2026-03-11 07:52,70.00,61.00,73.15,6.00
CLT,2026-03-11 08:52,68.00,61.00,78.33,6.00
CLT,2026-03-11 09:52,68.00,61.00,78.33,7.00
CLT,2026-03-11 10:52,68.00,61.00,78.33,5.00
CLT,2026-03-11 11:52,67.00,62.00,83.99,5.00
CLT,2026-03-11 12:52,68.00,62.00,81.15,6.00
CLT,2026-03-11 13:52,72.00,62.00,70.81,10.00
CLT,2026-03-11 14:52,76.00,61.00,59.78,8.00
CLT,2026-03-11 15:52,80.00,61.00,52.40,11.00
CLT,2026-03-11 16:52,83.00,59.00,44.27,16.00
CLT,2026-03-11 17:52,84.00,51.00,32.05,15.00
CLT,2026-03-11 18:52,86.00,52.00,31.19,16.00
CLT,2026-03-11 19:52,85.00,51.00,31.04,12.00
CLT,2026-03-11 20:52,84.00,50.00,30.88,15.00
CLT,2026-03-11 21:52,86.00,52.00,31.19,11.00
CLT,2026-03-11 22:52,83.00,51.00,33.09,11.00
CLT,2026-03-11 23:52,81.00,50.00,34.02,10.00
CLT,2026-03-12 00:52,80.00,51.00,36.48,12.00
CLT,2026-03-12 01:52,78.00,53.00,41.93,10.00
CLT,2026-03-12 02:52,77.00,54.00,44.95,9.00
CLT,2026-03-12 03:52,76.00,57.00,51.81,13.00
CLT,2026-03-12 04:52,75.00,57.00,53.57,10.00
CLT,2026-03-12 05:52,74.00,58.00,57.42,8.00
CLT,2026-03-12 06:52,74.00,58.00,57.42,8.00
CLT,2026-03-12 07:52,72.00,59.00,63.65,10.00
CLT,2026-03-12 08:52,71.00,59.00,65.84,13.00
CLT,2026-03-12 09:52,70.00,59.00,68.12,14.00
CLT,2026-03-12 10:52,69.00,59.00,70.49,12.00
CLT,2026-03-12 11:52,69.00,60.00,73.05,14.00
CLT,2026-03-12 12:52,69.00,60.00,73.05,10.00
CLT,2026-03-12 13:52,55.00,52.00,89.60,20.00
CLT,2026-03-12 14:52,52.00,50.00,92.86,11.00
CLT,2026-03-12 15:52,49.00,46.00,89.33,15.00
CLT,2026-03-12 16:52,49.00,42.00,76.67,13.00
CLT,2026-03-12 17:52,50.00,33.00,51.84,23.00
CLT,2026-03-12 18:52,53.00,34.00,48.29,18.00
CLT,2026-03-12 19:52,56.00,24.00,28.75,19.00
CLT,2026-03-12 20:52,56.00,25.00,29.98,11.00
CLT,2026-03-12 21:52,56.00,20.00,24.28,15.00
CLT,2026-03-12 22:52,54.00,18.00,23.97,12.00
CLT,2026-03-12 23:52,49.00,22.00,34.20,7.00
CLT,2026-03-13 00:52,48.00,24.00,38.62,6.00
CLT,2026-03-13 01:52,47.00,25.00,41.81,4.00
CLT,2026-03-13 02:52,47.00,23.00,38.45,4.00
CLT,2026-03-13 03:52,45.00,23.00,41.48,0.00
CLT,2026-03-13 04:52,44.00,24.00,44.93,3.00
CLT,2026-03-13 05:52,38.00,29.00,69.72,0.00
CLT,2026-03-13 06:52,36.00,30.00,78.58,3.00
CLT,2026-03-13 07:52,38.00,30.00,72.62,0.00
CLT,2026-03-13 08:52,38.00,28.00,66.92,0.00
CLT,2026-03-13 09:52,37.00,28.00,69.60,4.00
CLT,2026-03-13 10:52,37.00,29.00,72.52,0.00
CLT,2026-03-13 11:52,37.00,29.00,72.52,0.00
CLT,2026-03-13 12:52,41.00,32.00,70.06,0.00
CLT,2026-03-13 13:52,45.00,32.00,60.09,5.00
CLT,2026-03-13 14:52,49.00,28.00,43.91,10.00
CLT,2026-03-13 15:52,52.00,27.00,37.70,10.00
CLT,2026-03-13 16:52,55.00,27.00,33.78,12.00
CLT,2026-03-13 17:52,58.00,25.00,27.89,13.00
CLT,2026-03-13 18:52,60.00,25.00,25.97,14.00
CLT,2026-03-13 19:52,61.00,26.00,26.13,14.00
CLT,2026-03-13 20:52,61.00,26.00,26.13,16.00
CLT,2026-03-13 21:52,62.00,27.00,26.29,14.00
CLT,2026-03-13 22:52,60.00,28.00,29.40,11.00
CLT,2026-03-13 23:52,58.00,29.00,32.90,9.00
CLT,2026-03-14 00:52,57.00,29.00,34.11,8.00
CLT,2026-03-14 01:52,56.00,29.00,35.36,7.00
CLT,2026-03-14 02:52,55.00,28.00,35.20,10.00
CLT,2026-03-14 03:52,55.00,27.00,33.78,9.00
CLT,2026-03-14 04:52,56.00,28.00,33.94,9.00
CLT,2026-03-14 05:52,55.00,28.00,35.20,6.00
CLT,2026-03-14 06:52,53.00,28.00,37.87,4.00
CLT,2026-03-14 07:52,49.00,31.00,49.63,0.00
CLT,2026-03-14 08:52,47.00,31.00,53.50,3.00
CLT,2026-03-14 09:52,46.00,31.00,55.56,0.00
CLT,2026-03-14 10:52,46.00,32.00,57.85,0.00
CLT,2026-03-14 11:52,47.00,32.00,55.71,0.00
CLT,2026-03-14 12:52,51.00,34.00,51.99,4.00
CLT,2026-03-14 13:52,57.00,35.00,43.45,0.00
CLT,2026-03-14 14:52,64.00,36.00,35.26,4.00
CLT,2026-03-14 15:52,68.00,36.00,30.70,7.00
CLT,2026-03-14 16:52,71.00,35.00,26.63,3.00
CLT,2026-03-14 17:52,73.00,34.00,23.92,0.00
CLT,2026-03-14 18:52,75.00,36.00,24.22,5.00
CLT,2026-03-14 19:52,77.00,35.00,21.78,M
CLT,2026-03-14 20:52,75.00,35.00,23.28,9.00
CLT,2026-03-14 21:52,74.00,36.00,25.04,6.00
CLT,2026-03-14 22:52,73.00,36.00,25.90,7.00
CLT,2026-03-14 23:52,70.00,37.00,29.82,7.00
CLT,2026-03-15 00:52,67.00,38.00,34.38,6.00
CLT,2026-03-15 01:52,66.00,38.00,35.59,5.00
CLT,2026-03-15 02:52,64.00,39.00,39.68,7.00
CLT,2026-03-15 03:52,63.00,39.00,41.10,6.00
CLT,2026-03-15 04:52,61.00,42.00,49.55,9.00
CLT,2026-03-15 05:52,59.00,42.00,53.20,5.00
CLT,2026-03-15 06:52,58.00,41.00,53.05,6.00
CLT,2026-03-15 07:52,56.00,42.00,59.26,3.00
CLT,2026-03-15 08:52,55.00,42.00,61.46,4.00
CLT,2026-03-15 09:52,55.00,45.00,68.94,0.00
CLT,2026-03-15 10:52,54.00,46.00,74.26,0.00
CLT,2026-03-15 11:52,50.00,44.00,79.76,3.00
CLT,2026-03-15 12:52,56.00,46.00,69.05,6.00
CLT,2026-03-15 13:52,59.00,50.00,72.02,6.00
CLT,2026-03-15 14:52,62.00,51.00,67.19,6.00
CLT,2026-03-15 15:52,68.00,54.00,60.89,6.00
CLT,2026-03-15 16:52,70.00,55.00,58.97,9.00
CLT,2026-03-15 17:52,72.00,53.00,51.22,8.00
CLT,2026-03-15 18:52,71.00,53.00,52.98,11.00
CLT,2026-03-15 19:52,68.00,56.00,65.48,11.00
CLT,2026-03-15 20:52,63.00,59.00,86.79,6.00
CLT,2026-03-15 21:52,63.00,60.00,89.94,6.00
CLT,2026-03-15 22:52,64.00,60.00,86.84,4.00
CLT,2026-03-15 23:52,64.00,60.00,86.84,4.00
CLT,2026-03-16 00:52,64.00,61.00,89.98,5.00
CLT,2026-03-16 01:52,64.00,61.00,89.98,7.00
CLT,2026-03-16 02:52,65.00,61.00,86.89,11.00
CLT,2026-03-16 03:52,66.00,61.00,83.93,10.00
CLT,2026-03-16 04:52,66.00,61.00,83.93,11.00
CLT,2026-03-16 05:52,67.00,62.00,83.99,10.00
CLT,2026-03-16 06:52,67.00,63.00,87.00,9.00
CLT,2026-03-16 07:52,67.00,63.00,87.00,13.00
CLT,2026-03-16 08:52,68.00,62.00,81.15,12.00
CLT,2026-03-16 09:52,67.00,62.00,83.99,12.00
CLT,2026-03-16 10:52,68.00,62.00,81.15,13.00
CLT,2026-03-16 11:52,67.00,62.00,83.99,12.00
CLT,2026-03-16 12:52,67.00,62.00,83.99,13.00
CLT,2026-03-16 13:52,61.00,55.00,80.62,10.00
CLT,2026-03-16 14:52,59.00,55.00,86.57,12.00
CLT,2026-03-16 15:52,60.00,56.00,86.62,14.00
CLT,2026-03-16 16:52,61.00,56.00,83.60,11.00
CLT,2026-03-16 17:52,62.00,57.00,83.67,17.00
CLT,2026-03-16 18:52,63.00,57.00,80.77,15.00
CLT,2026-03-16 19:52,62.00,58.00,86.73,18.00
CLT,2026-03-16 20:52,53.00,49.00,86.23,19.00
CLT,2026-03-16 21:52,52.00,44.00,74.06,14.00
CLT,2026-03-16 22:52,49.00,37.00,63.09,21.00
CLT,2026-03-16 23:52,46.00,35.00,65.24,22.00
CLT,2026-03-17 00:52,43.00,28.00,55.11,13.00
CLT,2026-03-17 01:52,40.00,22.00,48.20,14.00
CLT,2026-03-17 02:52,38.00,21.00,49.95,11.00
CLT,2026-03-17 03:52,37.00,20.00,49.79,10.00
CLT,2026-03-17 04:52,36.00,20.00,51.80,6.00
CLT,2026-03-17 05:52,35.00,19.00,51.64,7.00
CLT,2026-03-17 06:52,34.00,21.00,58.53,8.00
CLT,2026-03-17 07:52,33.00,20.00,58.38,7.00
CLT,2026-03-17 08:52,32.00,15.00,48.98,12.00
CLT,2026-03-17 09:52,31.00,14.00,48.82,6.00
CLT,2026-03-17 10:52,31.00,15.00,51.01,8.00
CLT,2026-03-17 11:52,31.00,16.00,53.28,4.00
CLT,2026-03-17 12:52,33.00,16.00,49.15,9.00
CLT,2026-03-17 13:52,35.00,16.00,45.37,7.00
CLT,2026-03-17 14:52,37.00,16.00,41.91,5.00
CLT,2026-03-17 15:52,40.00,18.00,40.64,4.00
CLT,2026-03-17 16:52,42.00,16.00,34.49,7.00
CLT,2026-03-17 17:52,45.00,18.00,33.53,0.00
CLT,2026-03-17 18:52,46.00,18.00,32.28,11.00
CLT,2026-03-17 19:52,47.00,16.00,28.50,7.00
CLT,2026-03-17 20:52,47.00,16.00,28.50,13.00
CLT,2026-03-17 21:52,48.00,16.00,27.45,8.00
CLT,2026-03-17 22:52,47.00,15.00,27.29,7.00
CLT,2026-03-17 23:52,41.00,14.00,32.85,15.00
CLT,2026-03-18 00:52,39.00,13.00,33.98,10.00
CLT,2026-03-18 01:52,37.00,14.00,38.41,7.00
CLT,2026-03-18 02:52,36.00,16.00,43.60,5.00
CLT,2026-03-18 03:52,34.00,20.00,56.09,4.00
CLT,2026-03-18 04:52,33.00,19.00,55.94,7.00
CLT,2026-03-18 05:52,33.00,17.00,51.32,11.00
CLT,2026-03-18 06:52,33.00,16.00,49.15,6.00
CLT,2026-03-18 07:52,33.00,15.00,47.05,7.00
CLT,2026-03-18 08:52,33.00,14.00,45.04,9.00
CLT,2026-03-18 09:52,33.00,14.00,45.04,7.00
CLT,2026-03-18 10:52,33.00,14.00,45.04,8.00
CLT,2026-03-18 11:52,32.00,14.00,46.89,8.00
CLT,2026-03-18 12:52,34.00,14.00,43.27,8.00
CLT,2026-03-18 13:52,36.00,15.00,41.74,6.00
CLT,2026-03-18 14:52,38.00,13.00,35.34,6.00
CLT,2026-03-18 15:52,42.00,12.00,28.94,0.00
CLT,2026-03-18 16:52,44.00,14.00,29.27,3.00
CLT,2026-03-18 17:52,46.00,15.00,28.34,4.00
CLT,2026-03-18 18:52,48.00,15.00,26.28,4.00
CLT,2026-03-18 19:52,49.00,14.00,24.23,3.00
CLT,2026-03-18 20:52,50.00,16.00,25.48,6.00
CLT,2026-03-18 21:52,48.00,16.00,27.45,3.00
CLT,2026-03-18 22:52,48.00,18.00,29.93,4.00
CLT,2026-03-18 23:52,47.00,18.00,31.08,4.00
CLT,2026-03-19 00:52,46.00,21.00,36.69,4.00
CLT,2026-03-19 01:52,44.00,23.00,43.09,4.00
CLT,2026-03-19 02:52,43.00,23.00,44.77,4.00
CLT,2026-03-19 03:52,42.00,22.00,44.60,3.00
CLT,2026-03-19 04:52,42.00,22.00,44.60,0.00
CLT,2026-03-19 05:52,39.00,24.00,54.51,4.00
CLT,2026-03-19 06:52,38.00,25.00,59.11,0.00
CLT,2026-03-19 07:52,37.00,24.00,58.96,0.00
CLT,2026-03-19 08:52,36.00,27.00,69.49,3.00
CLT,2026-03-19 09:52,36.00,24.00,61.34,0.00
CLT,2026-03-19 10:52,36.00,26.00,66.67,0.00
CLT,2026-03-19 11:52,36.00,26.00,66.67,3.00
CLT,2026-03-19 12:52,41.00,31.00,67.29,3.00
CLT,2026-03-19 13:52,48.00,29.00,47.50,6.00
CLT,2026-03-19 14:52,54.00,27.00,35.03,8.00
CLT,2026-03-19 15:52,64.00,30.00,27.71,7.00
CLT,2026-03-19 16:52,59.00,28.00,30.47,3.00
CLT,2026-03-19 17:52,59.00,27.00,29.24,0.00
CLT,2026-03-19 18:52,62.00,29.00,28.54,4.00
CLT,2026-03-19 19:52,63.00,29.00,27.55,3.00
CLT,2026-03-19 20:52,65.00,29.00,25.69,4.00
CLT,2026-03-19 21:52,66.00,30.00,25.85,4.00
CLT,2026-03-19 22:52,64.00,30.00,27.71,3.00
CLT,2026-03-19 23:52,61.00,30.00,30.80,3.00
CLT,2026-03-20 00:52,58.00,32.00,37.17,3.00
CLT,2026-03-20 01:52,57.00,32.00,38.53,4.00
CLT,2026-03-20 02:52,53.00,34.00,48.29,0.00
CLT,2026-03-20 03:52,51.00,34.00,51.99,0.00
CLT,2026-03-20 04:52,47.00,34.00,60.37,0.00
CLT,2026-03-20 05:52,47.00,37.00,68.01,0.00
CLT,2026-03-20 06:52,45.00,36.00,70.51,0.00
CLT,2026-03-20 07:52,44.00,36.00,73.25,0.00
CLT,2026-03-20 08:52,42.00,36.00,79.10,0.00
CLT,2026-03-20 09:52,40.00,36.00,85.47,0.00
CLT,2026-03-20 10:52,44.00,36.00,73.25,0.00
CLT,2026-03-20 11:52,44.00,37.00,76.21,0.00
CLT,2026-03-20 12:52,49.00,38.00,65.62,3.00
CLT,2026-03-20 13:52,56.00,35.00,45.05,6.00
CLT,2026-03-20 14:52,61.00,35.00,37.66,7.00
CLT,2026-03-20 15:52,66.00,34.00,30.37,9.00
CLT,2026-03-20 16:52,70.00,33.00,25.43,11.00
CLT,2026-03-20 17:52,72.00,34.00,24.74,11.00
CLT,2026-03-20 18:52,74.00,34.00,23.13,11.00
CLT,2026-03-20 19:52,74.00,34.00,23.13,9.00
CLT,2026-03-20 20:52,73.00,32.00,22.07,14.00
CLT,2026-03-20 21:52,72.00,34.00,24.74,9.00
CLT,2026-03-20 22:52,71.00,34.00,25.59,9.00
CLT,2026-03-20 23:52,68.00,35.00,29.50,9.00
CLT,2026-03-21 00:52,67.00,36.00,31.77,10.00
CLT,2026-03-21 01:52,66.00,36.00,32.89,11.00
CLT,2026-03-21 02:52,64.00,37.00,36.68,7.00
CLT,2026-03-21 03:52,64.00,37.00,36.68,11.00
CLT,2026-03-21 04:52,62.00,37.00,39.35,8.00
CLT,2026-03-21 05:52,61.00,38.00,42.41,10.00
CLT,2026-03-21 06:52,60.00,38.00,43.94,9.00
CLT,2026-03-21 07:52,59.00,39.00,47.35,7.00
CLT,2026-03-21 08:52,59.00,39.00,47.35,9.00
CLT,2026-03-21 09:52,59.00,40.00,49.24,9.00
CLT,2026-03-21 10:52,58.00,41.00,53.05,8.00
CLT,2026-03-21 11:52,59.00,42.00,53.20,7.00
CLT,2026-03-21 12:52,58.00,43.00,57.30,3.00
CLT,2026-03-21 13:52,60.00,44.00,55.43,5.00
CLT,2026-03-21 14:52,63.00,46.00,53.79,6.00
CLT,2026-03-21 15:52,65.00,47.00,52.09,0.00
CLT,2026-03-21 16:52,68.00,49.00,50.62,3.00
CLT,2026-03-21 17:52,74.00,50.00,42.86,6.00
CLT,2026-03-21 18:52,78.00,52.00,40.42,6.00
CLT,2026-03-21 19:52,81.00,52.00,36.64,8.00
CLT,2026-03-21 20:52,82.00,51.00,34.18,9.00
CLT,2026-03-21 21:52,81.00,52.00,36.64,5.00
CLT,2026-03-21 22:52,80.00,52.00,37.85,5.00
CLT,2026-03-21 23:52,76.00,52.00,43.18,3.00
CLT,2026-03-22 00:52,74.00,50.00,42.86,8.00
CLT,2026-03-22 01:52,72.00,50.00,45.84,8.00
CLT,2026-03-22 02:52,69.00,54.00,58.83,9.00
CLT,2026-03-22 03:52,67.00,55.00,65.36,9.00
CLT,2026-03-22 04:52,65.00,55.00,70.05,5.00
CLT,2026-03-22 05:52,63.00,56.00,77.91,8.00
CLT,2026-03-22 06:52,62.00,55.00,77.82,5.00
CLT,2026-03-22 07:52,61.00,55.00,80.62,4.00
CLT,2026-03-22 08:52,60.00,54.00,80.54,4.00
CLT,2026-03-22 09:52,60.00,55.00,83.54,3.00
CLT,2026-03-22 10:52,58.00,55.00,89.73,3.00
CLT,2026-03-22 11:52,59.00,56.00,89.77,0.00
CLT,2026-03-22 12:52,63.00,57.00,80.77,3.00
CLT,2026-03-22 13:52,69.00,57.00,65.60,4.00
CLT,2026-03-22 14:52,75.00,57.00,53.57,6.00
CLT,2026-03-22 15:52,79.00,57.00,46.93,4.00
CLT,2026-03-22 16:52,82.00,57.00,42.56,7.00
CLT,2026-03-22 17:52,84.00,55.00,37.11,10.00
CLT,2026-03-22 18:52,86.00,54.00,33.57,11.00
CLT,2026-03-22 19:52,87.00,51.00,29.12,13.00
CLT,2026-03-22 20:52,86.00,51.00,30.06,15.00
CLT,2026-03-22 21:52,86.00,50.00,28.97,15.00
CLT,2026-03-22 22:52,84.00,51.00,32.05,13.00
CLT,2026-03-22 23:52,80.00,50.00,35.15,8.00
CLT,2026-03-23 00:52,78.00,52.00,40.42,10.00
CLT,2026-03-23 01:52,76.00,52.00,43.18,9.00
CLT,2026-03-23 02:52,75.00,52.00,44.64,10.00
CLT,2026-03-23 03:52,74.00,52.00,46.16,11.00
CLT,2026-03-23 04:52,74.00,52.00,46.16,13.00
CLT,2026-03-23 05:52,73.00,53.00,49.52,11.00
CLT,2026-03-23 06:52,72.00,54.00,53.13,8.00
CLT,2026-03-23 07:52,71.00,54.00,54.96,11.00
CLT,2026-03-23 08:52,69.00,54.00,58.83,6.00
CLT,2026-03-23 09:52,68.00,55.00,63.15,5.00
CLT,2026-03-23 10:52,68.00,55.00,63.15,6.00
CLT,2026-03-23 11:52,67.00,55.00,65.36,5.00
CLT,2026-03-23 12:52,70.00,55.00,58.97,7.00
CLT,2026-03-23 13:52,72.00,54.00,53.13,8.00
CLT,2026-03-23 14:52,76.00,55.00,48.19,7.00
CLT,2026-03-23 15:52,81.00,54.00,39.43,10.00
CLT,2026-03-23 16:52,82.00,53.00,36.80,9.00
CLT,2026-03-23 17:52,84.00,51.00,32.05,11.00
CLT,2026-03-23 18:52,84.00,52.00,33.25,13.00
CLT,2026-03-23 19:52,81.00,49.00,32.78,13.00
CLT,2026-03-23 20:52,81.00,45.00,28.19,18.00
CLT,2026-03-23 21:52,77.00,38.00,24.52,14.00
CLT,2026-03-23 22:52,71.00,34.00,25.59,16.00
CLT,2026-03-23 23:52,65.00,27.00,23.66,18.00
CLT,2026-03-24 00:52,60.00,24.00,24.91,19.00
CLT,2026-03-24 01:52,57.00,25.00,28.92,14.00
CLT,2026-03-24 02:52,55.00,21.00,26.27,11.00
CLT,2026-03-24 03:52,53.00,21.00,28.27,12.00
CLT,2026-03-24 04:52,52.00,19.00,26.93,12.00
CLT,2026-03-24 05:52,51.00,20.00,29.16,10.00
CLT,2026-03-24 06:52,49.00,23.00,35.67,11.00
CLT,2026-03-24 07:52,48.00,24.00,38.62,13.00
CLT,2026-03-24 08:52,46.00,25.00,43.42,13.00
CLT,2026-03-24 09:52,46.00,25.00,43.42,12.00
CLT,2026-03-24 10:52,45.00,25.00,45.10,11.00
CLT,2026-03-24 11:52,44.00,25.00,46.85,11.00
CLT,2026-03-24 12:52,44.00,26.00,48.84,9.00
CLT,2026-03-24 13:52,46.00,25.00,43.42,14.00
CLT,2026-03-24 14:52,48.00,26.00,41.98,8.00
CLT,2026-03-24 15:52,50.00,26.00,38.95,9.00
CLT,2026-03-24 16:52,51.00,26.00,37.53,8.00
CLT,2026-03-24 17:52,53.00,26.00,34.87,8.00
CLT,2026-03-24 18:52,55.00,26.00,32.41,9.00
CLT,2026-03-24 19:52,55.00,25.00,31.09,5.00
CLT,2026-03-24 20:52,56.00,23.00,27.57,7.00
CLT,2026-03-24 21:52,56.00,23.00,27.57,4.00
CLT,2026-03-24 22:52,55.00,23.00,28.59,4.00
CLT,2026-03-24 23:52,54.00,23.00,29.65,6.00
CLT,2026-03-25 00:52,52.00,26.00,36.17,5.00
CLT,2026-03-25 01:52,51.00,26.00,37.53,5.00
CLT,2026-03-25 02:52,50.00,26.00,38.95,5.00
CLT,2026-03-25 03:52,48.00,25.00,40.27,6.00
CLT,2026-03-25 04:52,46.00,27.00,47.17,0.00
CLT,2026-03-25 05:52,45.00,27.00,49.00,0.00
CLT,2026-03-25 06:52,44.00,28.00,53.04,0.00
CLT,2026-03-25 07:52,41.00,30.00,64.61,0.00
CLT,2026-03-25 08:52,39.00,31.00,72.73,0.00
CLT,2026-03-25 09:52,42.00,29.00,59.67,4.00
CLT,2026-03-25 10:52,41.00,29.00,62.02,0.00
CLT,2026-03-25 11:52,41.00,30.00,64.61,0.00
CLT,2026-03-25 12:52,43.00,30.00,59.81,3.00
CLT,2026-03-25 13:52,47.00,31.00,53.50,0.00
CLT,2026-03-25 14:52,51.00,29.00,42.47,4.00
CLT,2026-03-25 15:52,53.00,27.00,36.34,0.00
CLT,2026-03-25 16:52,58.00,28.00,31.58,5.00
CLT,2026-03-25 17:52,60.00,26.00,27.07,4.00
CLT,2026-03-25 18:52,64.00,27.00,24.50,7.00
CLT,2026-03-25 19:52,65.00,29.00,25.69,4.00
CLT,2026-03-25 20:52,66.00,35.00,31.61,9.00
CLT,2026-03-25 21:52,66.00,37.00,34.22,9.00
CLT,2026-03-25 22:52,65.00,38.00,36.85,9.00
CLT,2026-03-25 23:52,62.00,41.00,46.01,8.00
CLT,2026-03-26 00:52,62.00,43.00,49.70,6.00
CLT,2026-03-26 01:52,60.00,44.00,55.43,3.00
CLT,2026-03-26 02:52,60.00,44.00,55.43,4.00
CLT,2026-03-26 03:52,60.00,44.00,55.43,4.00
CLT,2026-03-26 04:52,59.00,44.00,57.44,5.00
CLT,2026-03-26 05:52,58.00,44.00,59.54,8.00
CLT,2026-03-26 06:52,57.00,44.00,61.72,6.00
CLT,2026-03-26 07:52,58.00,46.00,64.25,7.00
CLT,2026-03-26 08:52,58.00,46.00,64.25,4.00
CLT,2026-03-26 09:52,57.00,47.00,69.16,6.00
CLT,2026-03-26 10:52,56.00,46.00,69.05,3.00
CLT,2026-03-26 11:52,56.00,47.00,71.71,5.00
CLT,2026-03-26 12:52,59.00,47.00,64.37,8.00
CLT,2026-03-26 13:52,63.00,49.00,60.22,8.00
CLT,2026-03-26 14:52,67.00,52.00,58.56,10.00
CLT,2026-03-26 15:52,70.00,53.00,54.81,13.00
CLT,2026-03-26 16:52,74.00,53.00,47.89,11.00
CLT,2026-03-26 17:52,76.00,54.00,46.47,11.00
CLT,2026-03-26 18:52,79.00,55.00,43.65,10.00
CLT,2026-03-26 19:52,79.00,54.00,42.09,9.00
CLT,2026-03-26 20:52,81.00,54.00,39.43,10.00
CLT,2026-03-26 21:52,79.00,54.00,42.09,12.00
CLT,2026-03-26 22:52,77.00,54.00,44.95,12.00
CLT,2026-03-26 23:52,74.00,55.00,51.52,10.00
CLT,2026-03-27 00:52,73.00,55.00,53.28,9.00
CLT,2026-03-27 01:52,71.00,56.00,59.11,9.00
CLT,2026-03-27 02:52,70.00,56.00,61.15,11.00
CLT,2026-03-27 03:52,70.00,55.00,58.97,10.00
CLT,2026-03-27 04:52,69.00,55.00,61.02,8.00
CLT,2026-03-27 05:52,69.00,55.00,61.02,12.00
CLT,2026-03-27 06:52,68.00,54.00,60.89,10.00
CLT,2026-03-27 07:52,66.00,54.00,65.24,10.00
CLT,2026-03-27 08:52,66.00,54.00,65.24,11.00
CLT,2026-03-27 09:52,65.00,54.00,67.55,10.00
CLT,2026-03-27 10:52,64.00,54.00,69.94,5.00
CLT,2026-03-27 11:52,62.00,55.00,77.82,4.00
CLT,2026-03-27 12:52,65.00,55.00,70.05,8.00
CLT,2026-03-27 13:52,69.00,56.00,63.27,8.00
CLT,2026-03-27 14:52,72.00,56.00,57.14,0.00
CLT,2026-03-27 15:52,77.00,55.00,46.62,4.00
CLT,2026-03-27 16:52,80.00,54.00,40.73,6.00
CLT,2026-03-27 17:52,82.00,54.00,38.17,9.00
CLT,2026-03-27 18:52,84.00,53.00,34.50,9.00
CLT,2026-03-27 19:52,86.00,54.00,33.57,10.00
CLT,2026-03-27 20:52,86.00,54.00,33.57,11.00
CLT,2026-03-27 21:52,86.00,53.00,32.36,10.00
CLT,2026-03-27 22:52,84.00,53.00,34.50,5.00
CLT,2026-03-27 23:52,81.00,55.00,40.89,4.00
CLT,2026-03-28 00:52,72.00,61.00,68.35,18.00
CLT,2026-03-28 01:52,72.00,60.00,65.96,10.00
CLT,2026-03-28 02:52,68.00,59.00,72.95,13.00
CLT,2026-03-28 03:52,64.00,53.00,67.43,15.00
CLT,2026-03-28 04:52,61.00,47.00,59.95,19.00
CLT,2026-03-28 05:52,59.00,43.00,55.29,18.00
CLT,2026-03-28 06:52,58.00,40.00,51.03,18.00
CLT,2026-03-28 07:52,53.00,34.00,48.29,15.00
CLT,2026-03-28 08:52,50.00,32.00,49.79,14.00
CLT,2026-03-28 09:52,47.00,29.00,49.32,13.00
CLT,2026-03-28 10:52,45.00,28.00,51.06,13.00
CLT,2026-03-28 11:52,45.00,27.00,49.00,12.00
CLT,2026-03-28 12:52,45.00,21.00,38.11,18.00
CLT,2026-03-28 13:52,46.00,21.00,36.69,18.00
CLT,2026-03-28 14:52,47.00,20.00,33.86,14.00
CLT,2026-03-28 15:52,50.00,19.00,29.00,11.00
CLT,2026-03-28 16:52,53.00,19.00,25.95,11.00
CLT,2026-03-28 17:52,56.00,17.00,21.35,5.00
CLT,2026-03-28 18:52,57.00,18.00,21.50,7.00
CLT,2026-03-28 19:52,59.00,16.00,18.35,12.00
CLT,2026-03-28 20:52,59.00,16.00,18.35,9.00
CLT,2026-03-28 21:52,58.00,15.00,18.21,3.00
CLT,2026-03-28 22:52,58.00,17.00,19.86,8.00
CLT,2026-03-28 23:52,56.00,18.00,22.29,6.00
CLT,2026-03-29 00:52,54.00,19.00,25.02,7.00
CLT,2026-03-29 01:52,52.00,20.00,28.10,6.00
CLT,2026-03-29 02:52,50.00,22.00,32.95,7.00
CLT,2026-03-29 03:52,48.00,22.00,35.50,7.00
CLT,2026-03-29 04:52,47.00,23.00,38.45,5.00
CLT,2026-03-29 05:52,45.00,23.00,41.48,4.00
CLT,2026-03-29 06:52,44.00,24.00,44.93,3.00
CLT,2026-03-29 07:52,42.00,24.00,48.52,0.00
CLT,2026-03-29 08:52,42.00,23.00,46.52,3.00
CLT,2026-03-29 09:52,36.00,27.00,69.49,0.00
CLT,2026-03-29 10:52,36.00,26.00,66.67,0.00
CLT,2026-03-29 11:52,40.00,24.00,52.43,3.00
CLT,2026-03-29 12:52,43.00,24.00,46.69,4.00
CLT,2026-03-29 13:52,48.00,22.00,35.50,7.00
CLT,2026-03-29 14:52,52.00,20.00,28.10,7.00
CLT,2026-03-29 15:52,55.00,16.00,21.20,4.00
CLT,2026-03-29 16:52,58.00,17.00,19.86,5.00
CLT,2026-03-29 17:52,62.00,23.00,22.25,8.00
CLT,2026-03-29 18:52,63.00,29.00,27.55,5.00
CLT,2026-03-29 19:52,65.00,32.00,29.02,9.00
CLT,2026-03-29 20:52,64.00,33.00,31.29,6.00
CLT,2026-03-29 21:52,66.00,34.00,30.37,12.00
CLT,2026-03-29 22:52,64.00,36.00,35.26,9.00
CLT,2026-03-29 23:52,62.00,37.00,39.35,7.00
CLT,2026-03-30 00:52,59.00,39.00,47.35,5.00
CLT,2026-03-30 01:52,58.00,39.00,49.08,3.00
CLT,2026-03-30 02:52,57.00,40.00,52.90,5.00
CLT,2026-03-30 03:52,58.00,43.00,57.30,10.00
CLT,2026-03-30 04:52,56.00,44.00,63.99,5.00
CLT,2026-03-30 05:52,54.00,45.00,71.50,7.00
CLT,2026-03-30 06:52,53.00,46.00,77.03,5.00
CLT,2026-03-30 07:52,53.00,47.00,80.00,5.00
CLT,2026-03-30 08:52,53.00,47.00,80.00,6.00
CLT,2026-03-30 09:52,54.00,48.00,80.08,4.00
CLT,2026-03-30 10:52,55.00,48.00,77.21,4.00
CLT,2026-03-30 11:52,55.00,48.00,77.21,5.00
CLT,2026-03-30 12:52,57.00,49.00,74.55,10.00
CLT,2026-03-30 13:52,60.00,49.00,66.96,10.00
CLT,2026-03-30 14:52,64.00,50.00,60.35,12.00
CLT,2026-03-30 15:52,68.00,48.00,48.76,10.00
CLT,2026-03-30 16:52,69.00,46.00,43.69,10.00
CLT,2026-03-30 17:52,70.00,47.00,43.85,10.00
CLT,2026-03-30 18:52,70.00,47.00,43.85,9.00
CLT,2026-03-30 19:52,70.00,48.00,45.53,9.00
CLT,2026-03-30 20:52,71.00,48.00,44.01,11.00
CLT,2026-03-30 21:52,71.00,48.00,44.01,9.00
CLT,2026-03-30 22:52,71.00,49.00,45.69,7.00
CLT,2026-03-30 23:52,69.00,49.00,48.91,5.00
CLT,2026-03-31 00:52,66.00,49.00,54.23,4.00
CLT,2026-03-31 01:52,64.00,50.00,60.35,3.00
CLT,2026-03-31 02:52,64.00,50.00,60.35,5.00
CLT,2026-03-31 03:52,63.00,50.00,62.51,4.00
CLT,2026-03-31 04:52,64.00,51.00,62.64,6.00
CLT,2026-03-31 05:52,63.00,52.00,67.31,8.00
CLT,2026-03-31 06:52,62.00,53.00,72.34,7.00
CLT,2026-03-31 07:52,60.00,52.00,74.84,7.00
CLT,2026-03-31 08:52,58.00,52.00,80.39,6.00
CLT,2026-03-31 09:52,57.00,52.00,83.34,5.00
CLT,2026-03-31 10:52,58.00,53.00,83.40,7.00
CLT,2026-03-31 11:52,60.00,53.00,77.65,8.00
CLT,2026-03-31 12:52,62.00,53.00,72.34,9.00
CLT,2026-03-31 13:52,67.00,54.00,63.02,10.00
CLT,2026-03-31 14:52,68.00,55.00,63.15,8.00
CLT,2026-03-31 15:52,72.00,54.00,53.13,8.00
CLT,2026-03-31 16:52,75.00,55.00,49.82,9.00
CLT,2026-03-31 17:52,76.00,55.00,48.19,15.00
CLT,2026-03-31 18:52,76.00,55.00,48.19,14.00
CLT,2026-03-31 19:52,76.00,56.00,49.97,12.00
CLT,2026-03-31 20:52,77.00,56.00,48.35,13.00
CLT,2026-03-31 21:52,76.00,56.00,49.97,14.00
CLT,2026-03-31 22:52,74.00,56.00,53.42,9.00
CLT,2026-03-31 23:52,72.00,57.00,59.24,8.00
CLT,2026-04-01 00:52,70.00,57.00,63.40,8.00
CLT,2026-04-01 01:52,69.00,58.00,68.01,9.00
CLT,2026-04-01 02:52,68.00,57.00,67.89,8.00
CLT,2026-04-01 03:52,68.00,57.00,67.89,8.00
CLT,2026-04-01 04:52,67.00,58.00,72.85,9.00
CLT,2026-04-01 05:52,65.00,58.00,78.08,6.00
CLT,2026-04-01 06:52,64.00,59.00,83.80,8.00
CLT,2026-04-01 07:52,63.00,59.00,86.79,5.00
CLT,2026-04-01 08:52,61.00,59.00,93.13,4.00
CLT,2026-04-01 09:52,61.00,58.00,89.85,5.00
CLT,2026-04-01 10:52,60.00,58.00,93.10,5.00
CLT,2026-04-01 11:52,61.00,59.00,93.13,7.00
CLT,2026-04-01 12:52,64.00,60.00,86.84,8.00
CLT,2026-04-01 13:52,68.00,60.00,75.59,6.00
CLT,2026-04-01 14:52,72.00,60.00,65.96,5.00
CLT,2026-04-01 15:52,76.00,61.00,59.78,7.00
CLT,2026-04-01 16:52,79.00,60.00,52.25,3.00
CLT,2026-04-01 17:52,83.00,59.00,44.27,10.00
CLT,2026-04-01 18:52,85.00,56.00,37.27,6.00
CLT,2026-04-01 19:52,86.00,56.00,36.10,7.00
CLT,2026-04-01 20:52,86.00,55.00,34.82,11.00
CLT,2026-04-01 21:52,84.00,55.00,37.11,12.00
CLT,2026-04-01 22:52,82.00,56.00,41.05,8.00
CLT,2026-04-01 23:52,80.00,56.00,43.81,6.00
CLT,2026-04-02 00:52,77.00,56.00,48.35,5.00
CLT,2026-04-02 01:52,75.00,57.00,53.57,5.00
CLT,2026-04-02 02:52,74.00,57.00,55.39,8.00
CLT,2026-04-02 03:52,73.00,58.00,59.38,8.00
CLT,2026-04-02 04:52,71.00,59.00,65.84,7.00
CLT,2026-04-02 05:52,70.00,59.00,68.12,7.00
CLT,2026-04-02 06:52,68.00,58.00,70.38,8.00
CLT,2026-04-02 07:52,67.00,57.00,70.27,7.00
CLT,2026-04-02 08:52,65.00,57.00,75.32,7.00
CLT,2026-04-02 09:52,64.00,57.00,77.99,7.00
CLT,2026-04-02 10:52,63.00,58.00,83.73,5.00
CLT,2026-04-02 11:52,63.00,58.00,83.73,6.00
CLT,2026-04-02 12:52,67.00,59.00,75.50,11.00
CLT,2026-04-02 13:52,70.00,58.00,65.72,10.00
CLT,2026-04-02 14:52,74.00,58.00,57.42,11.00
CLT,2026-04-02 15:52,77.00,58.00,51.96,7.00
CLT,2026-04-02 16:52,79.00,56.00,45.26,9.00
CLT,2026-04-02 17:52,81.00,56.00,42.40,6.00
CLT,2026-04-02 18:52,82.00,57.00,42.56,11.00
CLT,2026-04-02 19:52,82.00,57.00,42.56,8.00
CLT,2026-04-02 20:52,83.00,56.00,39.74,5.00
CLT,2026-04-02 21:52,81.00,52.00,36.64,9.00
CLT,2026-04-02 22:52,79.00,53.00,40.57,9.00
CLT,2026-04-02 23:52,77.00,52.00,41.77,8.00
CLT,2026-04-03 00:52,73.00,52.00,47.73,7.00
CLT,2026-04-03 01:52,72.00,50.00,45.84,7.00
CLT,2026-04-03 02:52,70.00,49.00,47.27,8.00
CLT,2026-04-03 03:52,69.00,53.00,56.72,9.00
CLT,2026-04-03 04:52,67.00,55.00,65.36,8.00
CLT,2026-04-03 05:52,65.00,56.00,72.64,6.00
CLT,2026-04-03 08:52,61.00,59.00,93.13,0.00
CLT,2026-04-03 11:52,63.00,61.00,93.19,5.00
CLT,2026-04-03 12:52,65.00,61.00,86.89,4.00
CLT,2026-04-03 13:52,68.00,61.00,78.33,6.00
CLT,2026-04-03 14:52,71.00,61.00,70.70,7.00
CLT,2026-04-03 15:52,73.00,58.00,59.38,0.00
CLT,2026-04-03 16:52,76.00,57.00,51.81,9.00
CLT,2026-04-03 17:52,77.00,58.00,51.96,9.00
CLT,2026-04-03 18:52,80.00,58.00,47.08,12.00
CLT,2026-04-03 19:52,81.00,55.00,40.89,8.00
CLT,2026-04-03 20:52,82.00,55.00,39.59,10.00
CLT,2026-04-03 21:52,81.00,54.00,39.43,9.00
CLT,2026-04-03 22:52,79.00,54.00,42.09,5.00
CLT,2026-04-03 23:52,76.00,54.00,46.47,5.00
CLT,2026-04-04 00:52,74.00,55.00,51.52,6.00
CLT,2026-04-04 01:52,72.00,61.00,68.35,9.00
CLT,2026-04-04 02:52,71.00,61.00,70.70,7.00
CLT,2026-04-04 03:52,69.00,61.00,75.69,7.00
CLT,2026-04-04 04:52,68.00,62.00,81.15,8.00
CLT,2026-04-04 05:52,67.00,62.00,83.99,7.00
CLT,2026-04-04 06:52,66.00,62.00,86.95,5.00
CLT,2026-04-04 07:52,64.00,62.00,93.22,4.00
CLT,2026-04-04 08:52,63.00,62.00,96.54,4.00
CLT,2026-04-04 09:52,63.00,61.00,93.19,5.00
CLT,2026-04-04 10:52,63.00,61.00,93.19,6.00
CLT,2026-04-04 11:52,63.00,61.00,93.19,6.00
CLT,2026-04-04 12:52,66.00,62.00,86.95,8.00
CLT,2026-04-04 13:52,70.00,62.00,75.78,11.00
CLT,2026-04-04 14:52,72.00,62.00,70.81,10.00
CLT,2026-04-04 15:52,76.00,62.00,61.93,7.00
CLT,2026-04-04 16:52,77.00,61.00,57.83,9.00
CLT,2026-04-04 17:52,81.00,59.00,47.24,10.00
CLT,2026-04-04 18:52,82.00,58.00,44.12,10.00
CLT,2026-04-04 19:52,80.00,57.00,45.42,12.00
CLT,2026-04-04 20:52,83.00,57.00,41.21,8.00
CLT,2026-04-04 21:52,80.00,56.00,43.81,9.00
CLT,2026-04-04 22:52,80.00,57.00,45.42,10.00
CLT,2026-04-04 23:52,70.00,65.00,84.18,18.00
CLT,2026-04-05 00:52,68.00,63.00,84.05,5.00
CLT,2026-04-05 01:52,67.00,63.00,87.00,5.00
CLT,2026-04-05 02:52,65.00,63.00,93.24,5.00
CLT,2026-04-05 03:52,65.00,63.00,93.24,5.00
CLT,2026-04-05 04:52,66.00,63.00,90.06,8.00
CLT,2026-04-05 05:52,65.00,62.00,90.02,9.00
CLT,2026-04-05 06:52,65.00,61.00,86.89,9.00
CLT,2026-04-05 07:52,65.00,61.00,86.89,10.00
CLT,2026-04-05 08:52,65.00,62.00,90.02,8.00
CLT,2026-04-05 09:52,65.00,62.00,90.02,9.00
CLT,2026-04-05 10:52,64.00,63.00,96.56,8.00
CLT,2026-04-05 11:52,64.00,63.00,96.56,9.00
CLT,2026-04-05 12:52,65.00,63.00,93.24,10.00
CLT,2026-04-05 13:52,65.00,64.00,96.57,8.00
CLT,2026-04-05 14:52,66.00,64.00,93.27,9.00
CLT,2026-04-05 15:52,67.00,65.00,93.30,9.00
CLT,2026-04-05 16:52,67.00,65.00,93.30,7.00
CLT,2026-04-05 17:52,68.00,65.00,90.14,9.00
CLT,2026-04-05 18:52,67.00,65.00,93.30,9.00
CLT,2026-04-05 19:52,65.00,64.00,96.57,11.00
CLT,2026-04-05 20:52,66.00,64.00,93.27,7.00
CLT,2026-04-05 21:52,66.00,64.00,93.27,7.00
CLT,2026-04-05 22:52,67.00,65.00,93.30,3.00
CLT,2026-04-05 23:52,66.00,64.00,93.27,4.00
CLT,2026-04-06 00:52,65.00,62.00,90.02,5.00
CLT,2026-04-06 01:52,61.00,48.00,62.25,10.00
CLT,2026-04-06 02:52,57.00,46.00,66.60,7.00
CLT,2026-04-06 03:52,56.00,44.00,63.99,8.00
CLT,2026-04-06 04:52,53.00,43.00,68.71,9.00
CLT,2026-04-06 05:52,51.00,42.00,71.17,5.00
CLT,2026-04-06 06:52,51.00,40.00,65.87,9.00
CLT,2026-04-06 07:52,49.00,39.00,68.24,0.00
CLT,2026-04-06 08:52,48.00,40.00,73.66,4.00
CLT,2026-04-06 09:52,47.00,38.00,70.74,5.00
CLT,2026-04-06 10:52,46.00,37.00,70.62,4.00
CLT,2026-04-06 11:52,48.00,37.00,65.50,6.00
CLT,2026-04-06 12:52,51.00,36.00,56.30,12.00
CLT,2026-04-06 13:52,53.00,36.00,52.30,12.00
CLT,2026-04-06 14:52,54.00,34.00,46.56,10.00
CLT,2026-04-06 15:52,56.00,33.00,41.59,8.00
CLT,2026-04-06 16:52,62.00,35.00,36.36,10.00
CLT,2026-04-06 17:52,62.00,31.00,30.96,7.00
CLT,2026-04-06 18:52,62.00,31.00,30.96,8.00
CLT,2026-04-06 19:52,63.00,29.00,27.55,0.00
CLT,2026-04-06 20:52,64.00,32.00,30.05,4.00
CLT,2026-04-06 21:52,63.00,31.00,29.89,5.00
CLT,2026-04-06 22:52,62.00,34.00,34.93,7.00
CLT,2026-04-06 23:52,59.00,38.00,45.53,4.00
CLT,2026-04-07 00:52,57.00,39.00,50.88,5.00
CLT,2026-04-07 01:52,57.00,40.00,52.90,5.00
CLT,2026-04-07 02:52,56.00,40.00,54.85,5.00
CLT,2026-04-07 03:52,54.00,41.00,61.32,3.00
CLT,2026-04-07 04:52,52.00,42.00,68.59,0.00
CLT,2026-04-07 05:52,51.00,43.00,73.96,0.00
CLT,2026-04-07 06:52,49.00,43.00,79.68,0.00
CLT,2026-04-07 07:52,48.00,44.00,85.95,0.00
CLT,2026-04-07 08:52,50.00,42.00,73.86,0.00
CLT,2026-04-07 09:52,48.00,42.00,79.59,0.00
CLT,2026-04-07 10:52,48.00,42.00,79.59,4.00
CLT,2026-04-07 11:52,50.00,41.00,71.06,3.00
CLT,2026-04-07 12:52,54.00,43.00,66.24,7.00
CLT,2026-04-07 13:52,58.00,38.00,47.19,11.00
CLT,2026-04-07 14:52,62.00,36.00,37.83,14.00
CLT,2026-04-07 15:52,63.00,36.00,36.52,9.00
CLT,2026-04-07 16:52,64.00,35.00,33.89,5.00
CLT,2026-04-07 17:52,66.00,34.00,30.37,7.00
CLT,2026-04-07 18:52,67.00,33.00,28.19,3.00
CLT,2026-04-07 19:52,69.00,34.00,27.39,4.00
CLT,2026-04-07 20:52,70.00,33.00,25.43,6.00
CLT,2026-04-07 21:52,69.00,32.00,25.28,4.00
CLT,2026-04-07 22:52,67.00,33.00,28.19,11.00
CLT,2026-04-07 23:52,65.00,32.00,29.02,8.00
CLT,2026-04-08 00:52,63.00,33.00,32.40,8.00
CLT,2026-04-08 01:52,61.00,33.00,34.77,8.00
CLT,2026-04-08 02:52,60.00,32.00,34.60,6.00
CLT,2026-04-08 03:52,57.00,33.00,40.11,8.00
CLT,2026-04-08 04:52,55.00,34.00,44.89,8.00
CLT,2026-04-08 05:52,51.00,34.00,51.99,5.00
CLT,2026-04-08 06:52,51.00,33.00,49.95,7.00
CLT,2026-04-08 07:52,51.00,33.00,49.95,12.00
CLT,2026-04-08 08:52,49.00,35.00,58.28,10.00
CLT,2026-04-08 09:52,48.00,33.00,55.86,13.00
CLT,2026-04-08 10:52,47.00,31.00,53.50,13.00
CLT,2026-04-08 11:52,47.00,28.00,47.34,11.00
CLT,2026-04-08 12:52,48.00,25.00,40.27,13.00
CLT,2026-04-08 13:52,49.00,23.00,35.67,13.00
CLT,2026-04-08 14:52,52.00,22.00,30.59,12.00
CLT,2026-04-08 15:52,54.00,22.00,28.43,10.00
CLT,2026-04-08 16:52,55.00,23.00,28.59,10.00
CLT,2026-04-08 17:52,58.00,24.00,26.75,11.00
CLT,2026-04-08 18:52,59.00,24.00,25.81,6.00
CLT,2026-04-08 19:52,60.00,25.00,25.97,8.00
CLT,2026-04-08 20:52,61.00,25.00,25.06,5.00
CLT,2026-04-08 21:52,61.00,25.00,25.06,7.00
CLT,2026-04-08 22:52,60.00,26.00,27.07,8.00
CLT,2026-04-08 23:52,58.00,26.00,29.08,9.00
CLT,2026-04-09 00:52,55.00,29.00,36.67,7.00
CLT,2026-04-09 01:52,55.00,28.00,35.20,9.00
CLT,2026-04-09 02:52,54.00,25.00,32.24,8.00
CLT,2026-04-09 03:52,53.00,26.00,34.87,6.00
CLT,2026-04-09 04:52,51.00,26.00,37.53,7.00
CLT,2026-04-09 05:52,50.00,26.00,38.95,7.00
CLT,2026-04-09 06:52,48.00,28.00,45.59,5.00
CLT,2026-04-09 07:52,46.00,29.00,51.22,4.00
CLT,2026-04-09 08:52,43.00,30.00,59.81,4.00
CLT,2026-04-09 09:52,39.00,32.00,75.73,6.00
CLT,2026-04-09 10:52,38.00,32.00,78.76,6.00
CLT,2026-04-09 11:52,41.00,33.00,72.94,7.00
CLT,2026-04-09 12:52,46.00,32.00,57.85,7.00
CLT,2026-04-09 13:52,49.00,29.00,45.75,9.00
CLT,2026-04-09 14:52,53.00,27.00,36.34,7.00
CLT,2026-04-09 15:52,57.00,24.00,27.73,8.00
CLT,2026-04-09 16:52,59.00,20.00,21.80,3.00
CLT,2026-04-09 17:52,62.00,16.00,16.49,5.00
CLT,2026-04-09 18:52,64.00,17.00,16.06,5.00
CLT,2026-04-09 19:52,65.00,17.00,15.51,4.00
CLT,2026-04-09 20:52,66.00,17.00,14.98,0.00
CLT,2026-04-09 21:52,67.00,21.00,17.17,5.00
CLT,2026-04-09 22:52,67.00,24.00,19.49,4.00
CLT,2026-04-09 23:52,64.00,26.00,23.51,0.00
CLT,2026-04-10 00:52,61.00,30.00,30.80,4.00
CLT,2026-04-10 01:52,60.00,31.00,33.23,3.00
CLT,2026-04-10 02:52,52.00,36.00,54.25,0.00
CLT,2026-04-10 03:52,48.00,37.00,65.50,3.00
CLT,2026-04-10 04:52,47.00,37.00,68.01,4.00
CLT,2026-04-10 05:52,46.00,38.00,73.46,5.00
CLT,2026-04-10 06:52,43.00,38.00,82.36,4.00
CLT,2026-04-10 07:52,43.00,38.00,82.36,4.00
CLT,2026-04-10 08:52,41.00,38.00,88.96,4.00
CLT,2026-04-10 09:52,42.00,38.00,85.59,3.00
CLT,2026-04-10 10:52,41.00,37.00,85.53,4.00
CLT,2026-04-10 11:52,45.00,39.00,79.35,3.00
CLT,2026-04-10 12:52,52.00,42.00,68.59,0.00
CLT,2026-04-10 13:52,59.00,43.00,55.29,4.00
CLT,2026-04-10 14:52,62.00,44.00,51.64,3.00
CLT,2026-04-10 15:52,66.00,43.00,43.21,3.00
CLT,2026-04-10 16:52,69.00,42.00,37.50,5.00
CLT,2026-04-10 17:52,71.00,36.00,27.71,0.00
CLT,2026-04-10 18:52,74.00,39.00,28.18,3.00
CLT,2026-04-10 19:52,76.00,39.00,26.36,5.00
CLT,2026-04-10 20:52,77.00,37.00,23.58,4.00
CLT,2026-04-10 21:52,76.00,38.00,25.35,6.00
CLT,2026-04-10 22:52,75.00,39.00,27.25,7.00
CLT,2026-04-10 23:52,71.00,40.00,32.42,5.00
CLT,2026-04-11 00:52,68.00,39.00,34.54,4.00
CLT,2026-04-11 01:52,66.00,41.00,40.01,6.00
CLT,2026-04-11 02:52,64.00,42.00,44.58,6.00
CLT,2026-04-11 03:52,60.00,45.00,57.59,6.00
CLT,2026-04-11 04:52,58.00,45.00,61.85,5.00
CLT,2026-04-11 05:52,56.00,45.00,66.48,3.00
CLT,2026-04-11 06:52,57.00,45.00,64.12,3.00
CLT,2026-04-11 07:52,57.00,43.00,59.40,3.00
CLT,2026-04-11 08:52,52.00,45.00,76.94,0.00
CLT,2026-04-11 09:52,50.00,45.00,82.86,0.00
CLT,2026-04-11 10:52,50.00,44.00,79.76,0.00
CLT,2026-04-11 11:52,53.00,46.00,77.03,0.00
CLT,2026-04-11 12:52,60.00,46.00,59.81,0.00
CLT,2026-04-11 13:52,67.00,47.00,48.60,0.00
CLT,2026-04-11 14:52,73.00,43.00,34.02,3.00
CLT,2026-04-11 15:52,77.00,44.00,30.94,5.00
CLT,2026-04-11 16:52,79.00,44.00,28.97,4.00
CLT,2026-04-11 17:52,81.00,43.00,26.12,3.00
CLT,2026-04-11 18:52,83.00,40.00,21.80,4.00
CLT,2026-04-11 19:52,82.00,40.00,22.51,3.00
CLT,2026-04-11 20:52,83.00,42.00,23.55,4.00
CLT,2026-04-11 21:52,83.00,42.00,23.55,3.00
CLT,2026-04-11 22:52,82.00,43.00,25.28,0.00
CLT,2026-04-11 23:52,78.00,44.00,29.93,5.00
CLT,2026-04-12 00:52,76.00,43.00,30.78,4.00
CLT,2026-04-12 01:52,74.00,43.00,32.90,3.00
CLT,2026-04-12 02:52,67.00,46.00,46.80,0.00
CLT,2026-04-12 03:52,67.00,49.00,52.39,0.00
CLT,2026-04-12 04:52,63.00,48.00,58.01,0.00
CLT,2026-04-12 05:52,59.00,48.00,66.84,3.00
CLT,2026-04-12 06:52,58.00,50.00,74.65,4.00
CLT,2026-04-12 07:52,58.00,49.00,71.92,3.00
CLT,2026-04-12 08:52,56.00,50.00,80.23,0.00
CLT,2026-04-12 09:52,56.00,49.00,77.30,0.00
CLT,2026-04-12 10:52,53.00,50.00,89.51,5.00
CLT,2026-04-12 11:52,60.00,51.00,72.13,6.00
CLT,2026-04-12 12:52,62.00,51.00,67.19,8.00
CLT,2026-04-12 13:52,66.00,52.00,60.62,4.00
CLT,2026-04-12 14:52,70.00,52.00,52.83,0.00
CLT,2026-04-12 15:52,74.00,53.00,47.89,0.00
CLT,2026-04-12 16:52,76.00,51.00,41.61,4.00
CLT,2026-04-12 17:52,81.00,47.00,30.41,3.00
CLT,2026-04-12 18:52,83.00,49.00,30.72,6.00
CLT,2026-04-12 19:52,84.00,46.00,26.58,11.00
CLT,2026-04-12 20:52,85.00,46.00,25.74,11.00
CLT,2026-04-12 21:52,82.00,45.00,27.29,9.00
CLT,2026-04-12 22:52,81.00,46.00,29.28,7.00
CLT,2026-04-12 23:52,77.00,46.00,33.38,5.00
CLT,2026-04-13 00:52,75.00,47.00,37.05,7.00
CLT,2026-04-13 01:52,74.00,48.00,39.78,9.00
CLT,2026-04-13 02:52,73.00,50.00,44.33,9.00
CLT,2026-04-13 03:52,71.00,52.00,51.07,11.00
CLT,2026-04-13 04:52,70.00,52.00,52.83,10.00
CLT,2026-04-13 05:52,67.00,52.00,58.56,7.00
CLT,2026-04-13 06:52,65.00,52.00,62.76,8.00
CLT,2026-04-13 07:52,63.00,53.00,69.83,7.00
CLT,2026-04-13 08:52,62.00,54.00,75.03,7.00
CLT,2026-04-13 09:52,61.00,55.00,80.62,6.00
CLT,2026-04-13 10:52,59.00,55.00,86.57,5.00
CLT,2026-04-13 11:52,61.00,55.00,80.62,6.00
CLT,2026-04-13 12:52,65.00,56.00,72.64,8.00
CLT,2026-04-13 13:52,68.00,57.00,67.89,15.00
CLT,2026-04-13 14:52,70.00,57.00,63.40,12.00
CLT,2026-04-13 15:52,73.00,57.00,57.28,12.00
CLT,2026-04-13 16:52,75.00,57.00,53.57,8.00
CLT,2026-04-13 17:52,77.00,57.00,50.12,11.00
CLT,2026-04-13 18:52,78.00,55.00,45.11,8.00
CLT,2026-04-13 19:52,79.00,55.00,43.65,8.00
CLT,2026-04-13 20:52,80.00,51.00,36.48,11.00
CLT,2026-04-13 21:52,78.00,50.00,37.53,7.00
CLT,2026-04-13 22:52,78.00,55.00,45.11,8.00
CLT,2026-04-13 23:52,75.00,53.00,46.31,7.00
CLT,2026-04-14 00:52,72.00,53.00,51.22,5.00
CLT,2026-04-14 01:52,69.00,54.00,58.83,4.00
CLT,2026-04-14 02:52,67.00,55.00,65.36,4.00
CLT,2026-04-14 03:52,66.00,54.00,65.24,4.00
CLT,2026-04-14 04:52,66.00,55.00,67.66,5.00
CLT,2026-04-14 05:52,64.00,55.00,72.54,5.00
CLT,2026-04-14 06:52,64.00,54.00,69.94,6.00
CLT,2026-04-14 07:52,64.00,54.00,69.94,5.00
CLT,2026-04-14 08:52,61.00,54.00,77.73,5.00
CLT,2026-04-14 09:52,60.00,54.00,80.54,6.00
CLT,2026-04-14 10:52,59.00,54.00,83.47,5.00
CLT,2026-04-14 11:52,61.00,54.00,77.73,4.00
CLT,2026-04-14 12:52,65.00,54.00,67.55,5.00
CLT,2026-04-14 13:52,69.00,55.00,61.02,7.00
CLT,2026-04-14 14:52,72.00,55.00,55.10,6.00
CLT,2026-04-14 15:52,77.00,55.00,46.62,6.00
CLT,2026-04-14 16:52,80.00,56.00,43.81,5.00
CLT,2026-04-14 17:52,82.00,52.00,35.47,8.00
CLT,2026-04-14 18:52,84.00,53.00,34.50,8.00
CLT,2026-04-14 19:52,85.00,53.00,33.41,11.00
CLT,2026-04-14 20:52,86.00,52.00,31.19,13.00
CLT,2026-04-14 21:52,84.00,51.00,32.05,9.00
CLT,2026-04-14 22:52,83.00,50.00,31.89,8.00
CLT,2026-04-14 23:52,79.00,49.00,34.99,7.00
CLT,2026-04-15 00:52,76.00,50.00,40.10,5.00
CLT,2026-04-15 01:52,73.00,51.00,46.00,6.00
CLT,2026-04-15 02:52,72.00,51.00,47.58,5.00
CLT,2026-04-15 03:52,70.00,51.00,50.92,3.00
CLT,2026-04-15 04:52,67.00,52.00,58.56,5.00
CLT,2026-04-15 05:52,67.00,51.00,56.44,6.00
CLT,2026-04-15 06:52,66.00,52.00,60.62,5.00
CLT,2026-04-15 07:52,64.00,52.00,64.99,6.00
CLT,2026-04-15 08:52,66.00,51.00,58.42,8.00
CLT,2026-04-15 09:52,64.00,51.00,62.64,6.00
CLT,2026-04-15 10:52,62.00,52.00,69.72,3.00
CLT,2026-04-15 11:52,63.00,52.00,67.31,3.00
CLT,2026-04-15 12:52,66.00,53.00,62.89,7.00
CLT,2026-04-15 13:52,71.00,54.00,54.96,5.00
CLT,2026-04-15 14:52,75.00,53.00,46.31,4.00
CLT,2026-04-15 15:52,80.00,52.00,37.85,7.00
CLT,2026-04-15 16:52,83.00,52.00,34.34,8.00
CLT,2026-04-15 17:52,86.00,49.00,27.91,8.00
CLT,2026-04-15 18:52,88.00,46.00,23.40,11.00
CLT,2026-04-15 19:52,89.00,44.00,21.01,11.00
CLT,2026-04-15 20:52,89.00,44.00,21.01,10.00
CLT,2026-04-15 21:52,88.00,45.00,22.53,11.00
CLT,2026-04-15 22:52,86.00,47.00,25.89,8.00
CLT,2026-04-15 23:52,81.00,49.00,32.78,5.00
CLT,2026-04-16 00:52,78.00,50.00,37.53,6.00
CLT,2026-04-16 01:52,76.00,52.00,43.18,5.00
CLT,2026-04-16 02:52,74.00,52.00,46.16,4.00
CLT,2026-04-16 03:52,72.00,53.00,51.22,6.00
CLT,2026-04-16 04:52,71.00,53.00,52.98,4.00
CLT,2026-04-16 05:52,70.00,53.00,54.81,3.00
CLT,2026-04-16 06:52,67.00,54.00,63.02,6.00
CLT,2026-04-16 07:52,66.00,54.00,65.24,4.00
CLT,2026-04-16 08:52,67.00,54.00,63.02,5.00
CLT,2026-04-16 09:52,64.00,54.00,69.94,4.00
CLT,2026-04-16 10:52,63.00,54.00,72.44,7.00
CLT,2026-04-16 11:52,66.00,54.00,65.24,9.00
CLT,2026-04-16 12:52,69.00,55.00,61.02,7.00
CLT,2026-04-16 13:52,74.00,56.00,53.42,6.00
CLT,2026-04-16 14:52,79.00,55.00,43.65,16.00
CLT,2026-04-16 15:52,82.00,52.00,35.47,10.00
CLT,2026-04-16 16:52,84.00,52.00,33.25,10.00
CLT,2026-04-16 17:52,84.00,50.00,30.88,11.00
CLT,2026-04-16 18:52,86.00,49.00,27.91,13.00
CLT,2026-04-16 19:52,87.00,48.00,26.04,13.00
CLT,2026-04-16 20:52,87.00,48.00,26.04,9.00
CLT,2026-04-16 21:52,86.00,49.00,27.91,13.00
CLT,2026-04-16 22:52,84.00,48.00,28.66,12.00
CLT,2026-04-16 23:52,80.00,47.00,31.41,9.00
CLT,2026-04-17 00:52,78.00,48.00,34.83,7.00
CLT,2026-04-17 01:52,76.00,47.00,35.84,6.00
CLT,2026-04-17 02:52,74.00,48.00,39.78,6.00
CLT,2026-04-17 03:52,73.00,49.00,42.70,6.00
CLT,2026-04-17 04:52,74.00,50.00,42.86,6.00
CLT,2026-04-17 05:52,71.00,50.00,47.42,5.00
CLT,2026-04-17 06:52,68.00,50.00,52.54,6.00
CLT,2026-04-17 07:52,64.00,51.00,62.64,3.00
CLT,2026-04-17 08:52,62.00,52.00,69.72,0.00
CLT,2026-04-17 09:52,63.00,52.00,67.31,0.00
CLT,2026-04-17 10:52,62.00,52.00,69.72,0.00
CLT,2026-04-17 11:52,66.00,52.00,60.62,3.00
CLT,2026-04-17 12:52,71.00,53.00,52.98,0.00
CLT,2026-04-17 13:52,76.00,54.00,46.47,5.00
CLT,2026-04-17 14:52,79.00,51.00,37.69,4.00
CLT,2026-04-17 15:52,81.00,50.00,34.02,3.00
CLT,2026-04-17 16:52,82.00,49.00,31.73,0.00
CLT,2026-04-17 17:52,83.00,49.00,30.72,6.00
CLT,2026-04-17 18:52,84.00,49.00,29.75,4.00
CLT,2026-04-17 19:52,86.00,51.00,30.06,4.00
CLT,2026-04-17 20:52,86.00,51.00,30.06,4.00
CLT,2026-04-17 21:52,84.00,50.00,30.88,5.00
CLT,2026-04-17 22:52,84.00,50.00,30.88,3.00
CLT,2026-04-17 23:52,81.00,51.00,35.31,3.00
CLT,2026-04-18 00:52,78.00,54.00,43.49,3.00
CLT,2026-04-18 01:52,76.00,53.00,44.80,3.00
CLT,2026-04-18 02:52,73.00,53.00,49.52,3.00
CLT,2026-04-18 03:52,70.00,54.00,56.86,0.00
CLT,2026-04-18 04:52,69.00,54.00,58.83,3.00
CLT,2026-04-18 05:52,68.00,55.00,63.15,0.00
CLT,2026-04-18 06:52,67.00,54.00,63.02,3.00
CLT,2026-04-18 07:52,60.00,55.00,83.54,0.00
CLT,2026-04-18 08:52,60.00,56.00,86.62,3.00
CLT,2026-04-18 09:52,59.00,55.00,86.57,0.00
CLT,2026-04-18 10:52,59.00,55.00,86.57,0.00
CLT,2026-04-18 11:52,66.00,55.00,67.66,0.00
CLT,2026-04-18 12:52,71.00,55.00,57.00,5.00
CLT,2026-04-18 13:52,79.00,56.00,45.26,7.00
CLT,2026-04-18 14:52,81.00,58.00,45.57,4.00
CLT,2026-04-18 15:52,84.00,56.00,38.49,7.00
CLT,2026-04-18 16:52,87.00,50.00,28.06,9.00
CLT,2026-04-18 17:52,88.00,48.00,25.23,14.00
CLT,2026-04-18 18:52,89.00,48.00,24.45,7.00
CLT,2026-04-18 19:52,89.00,50.00,26.34,10.00
CLT,2026-04-18 20:52,87.00,53.00,31.35,11.00
CLT,2026-04-18 21:52,85.00,54.00,34.66,9.00
CLT,2026-04-18 22:52,85.00,55.00,35.94,8.00
CLT,2026-04-18 23:52,82.00,55.00,39.59,7.00
CLT,2026-04-19 00:52,79.00,56.00,45.26,6.00
CLT,2026-04-19 01:52,77.00,57.00,50.12,9.00
CLT,2026-04-19 02:52,76.00,57.00,51.81,8.00
CLT,2026-04-19 03:52,74.00,57.00,55.39,6.00
CLT,2026-04-19 04:52,72.00,57.00,59.24,6.00
CLT,2026-04-19 05:52,70.00,57.00,63.40,7.00
CLT,2026-04-19 06:52,68.00,57.00,67.89,5.00
CLT,2026-04-19 07:52,67.00,57.00,70.27,6.00
CLT,2026-04-19 08:52,64.00,57.00,77.99,0.00
CLT,2026-04-19 09:52,65.00,57.00,75.32,6.00
CLT,2026-04-19 10:52,64.00,57.00,77.99,7.00
CLT,2026-04-19 11:52,66.00,51.00,58.42,22.00
CLT,2026-04-19 12:52,57.00,42.00,57.16,20.00
CLT,2026-04-19 13:52,57.00,42.00,57.16,12.00
CLT,2026-04-19 14:52,56.00,38.00,50.72,14.00
CLT,2026-04-19 15:52,59.00,32.00,35.86,18.00
CLT,2026-04-19 16:52,61.00,32.00,33.40,11.00
CLT,2026-04-19 17:52,62.00,29.00,28.54,14.00
CLT,2026-04-19 18:52,63.00,26.00,24.35,14.00
CLT,2026-04-19 19:52,63.00,27.00,25.38,12.00
CLT,2026-04-19 20:52,66.00,29.00,24.81,9.00
CLT,2026-04-19 21:52,64.00,28.00,25.53,7.00
CLT,2026-04-19 22:52,64.00,26.00,23.51,12.00
CLT,2026-04-19 23:52,60.00,29.00,30.63,6.00
CLT,2026-04-20 00:52,57.00,31.00,37.00,4.00
CLT,2026-04-20 01:52,53.00,32.00,44.57,4.00
CLT,2026-04-20 02:52,50.00,33.00,51.84,8.00
CLT,2026-04-20 03:52,49.00,32.00,51.68,5.00
CLT,2026-04-20 04:52,48.00,33.00,55.86,5.00
CLT,2026-04-20 05:52,46.00,34.00,62.69,3.00
CLT,2026-04-20 06:52,44.00,35.00,70.40,3.00
CLT,2026-04-20 07:52,43.00,35.00,73.15,0.00
CLT,2026-04-20 08:52,42.00,35.00,76.02,0.00
CLT,2026-04-20 09:52,43.00,37.00,79.18,0.00
CLT,2026-04-20 10:52,42.00,36.00,79.10,3.00
CLT,2026-04-20 11:52,46.00,38.00,73.46,3.00
CLT,2026-04-20 12:52,53.00,34.00,48.29,6.00
CLT,2026-04-20 13:52,59.00,33.00,37.33,8.00
CLT,2026-04-20 14:52,62.00,31.00,30.96,9.00
CLT,2026-04-20 15:52,65.00,29.00,25.69,12.00
CLT,2026-04-20 16:52,67.00,31.00,26.00,5.00
CLT,2026-04-20 17:52,70.00,32.00,24.43,11.00
CLT,2026-04-20 18:52,71.00,31.00,22.68,7.00
CLT,2026-04-20 19:52,72.00,32.00,22.83,8.00
CLT,2026-04-20 20:52,72.00,32.00,22.83,10.00
CLT,2026-04-20 21:52,70.00,33.00,25.43,6.00
CLT,2026-04-20 22:52,70.00,34.00,26.47,5.00
CLT,2026-04-20 23:52,67.00,37.00,33.05,3.00
CLT,2026-04-21 00:52,63.00,35.00,35.10,0.00
CLT,2026-04-21 01:52,61.00,34.00,36.19,4.00
CLT,2026-04-21 02:52,58.00,36.00,43.62,3.00
CLT,2026-04-21 03:52,60.00,29.00,30.63,12.00
CLT,2026-04-21 04:52,57.00,28.00,32.74,10.00
CLT,2026-04-21 05:52,56.00,26.00,31.25,8.00
CLT,2026-04-21 06:52,54.00,23.00,29.65,9.00
CLT,2026-04-21 07:52,52.00,22.00,30.59,7.00
CLT,2026-04-21 08:52,50.00,24.00,35.84,7.00
CLT,2026-04-21 09:52,48.00,27.00,43.75,7.00
CLT,2026-04-21 10:52,44.00,30.00,57.57,5.00
CLT,2026-04-21 11:52,46.00,30.00,53.35,8.00
CLT,2026-04-21 12:52,51.00,32.00,47.98,7.00
CLT,2026-04-21 13:52,53.00,32.00,44.57,6.00
CLT,2026-04-21 14:52,57.00,33.00,40.11,6.00
CLT,2026-04-21 15:52,59.00,32.00,35.86,7.00
CLT,2026-04-21 16:52,62.00,31.00,30.96,0.00
CLT,2026-04-21 17:52,63.00,31.00,29.89,0.00
CLT,2026-04-21 18:52,66.00,33.00,29.18,0.00
CLT,2026-04-21 19:52,68.00,34.00,28.35,3.00
CLT,2026-04-21 20:52,69.00,33.00,26.32,7.00
CLT,2026-04-21 21:52,70.00,35.00,27.55,8.00
CLT,2026-04-21 22:52,69.00,36.00,29.66,5.00
CLT,2026-04-21 23:52,66.00,38.00,35.59,4.00
CLT,2026-04-22 00:52,63.00,39.00,41.10,3.00
CLT,2026-04-22 01:52,61.00,39.00,44.10,3.00
CLT,2026-04-22 02:52,59.00,40.00,49.24,4.00
CLT,2026-04-22 03:52,56.00,39.00,52.75,0.00
CLT,2026-04-22 04:52,55.00,40.00,56.87,4.00
CLT,2026-04-22 05:52,55.00,40.00,56.87,3.00
CLT,2026-04-22 06:52,53.00,40.00,61.19,3.00
CLT,2026-04-22 07:52,51.00,42.00,71.17,3.00
CLT,2026-04-22 08:52,51.00,42.00,71.17,4.00
CLT,2026-04-22 09:52,51.00,41.00,68.48,3.00
CLT,2026-04-22 10:52,52.00,41.00,65.99,4.00
CLT,2026-04-22 11:52,55.00,42.00,61.46,5.00
CLT,2026-04-22 12:52,61.00,44.00,53.50,7.00
CLT,2026-04-22 13:52,66.00,43.00,43.21,10.00
CLT,2026-04-22 14:52,71.00,43.00,36.40,11.00
CLT,2026-04-22 15:52,76.00,43.00,30.78,11.00
CLT,2026-04-22 16:52,78.00,39.00,24.67,9.00
CLT,2026-04-22 17:52,80.00,35.00,19.74,7.00
CLT,2026-04-22 18:52,81.00,36.00,19.88,9.00
CLT,2026-04-22 19:52,82.00,37.00,20.02,7.00
CLT,2026-04-22 20:52,83.00,36.00,18.63,7.00
CLT,2026-04-22 21:52,82.00,36.00,19.24,9.00
CLT,2026-04-22 22:52,80.00,35.00,19.74,10.00
CLT,2026-04-22 23:52,76.00,38.00,25.35,5.00
CLT,2026-04-23 00:52,73.00,39.00,29.14,4.00
CLT,2026-04-23 01:52,69.00,41.00,36.08,4.00
CLT,2026-04-23 02:52,67.00,41.00,38.65,3.00
CLT,2026-04-23 03:52,63.00,41.00,44.42,0.00
CLT,2026-04-23 04:52,60.00,43.00,53.35,4.00
CLT,2026-04-23 05:52,60.00,44.00,55.43,3.00
CLT,2026-04-23 06:52,59.00,41.00,51.18,4.00
CLT,2026-04-23 07:52,58.00,42.00,55.14,0.00
CLT,2026-04-23 08:52,54.00,43.00,66.24,0.00
CLT,2026-04-23 09:52,55.00,43.00,63.87,4.00
CLT,2026-04-23 10:52,53.00,44.00,71.39,0.00
CLT,2026-04-23 11:52,58.00,45.00,61.85,0.00
CLT,2026-04-23 12:52,64.00,46.00,51.94,0.00
CLT,2026-04-23 13:52,71.00,47.00,42.38,3.00
CLT,2026-04-23 14:52,76.00,45.00,33.22,3.00
CLT,2026-04-23 15:52,79.00,41.00,25.81,4.00
CLT,2026-04-23 16:52,82.00,40.00,22.51,0.00
CLT,2026-04-23 17:52,82.00,42.00,24.33,5.00
CLT,2026-04-23 18:52,84.00,41.00,21.94,0.00
CLT,2026-04-23 19:52,84.00,37.00,18.77,3.00
CLT,2026-04-23 20:52,85.00,37.00,18.18,9.00
CLT,2026-04-23 21:52,84.00,36.00,18.04,6.00
CLT,2026-04-23 22:52,83.00,40.00,21.80,6.00
CLT,2026-04-23 23:52,78.00,42.00,27.72,4.00
CLT,2026-04-24 00:52,75.00,43.00,31.82,4.00
CLT,2026-04-24 01:52,73.00,43.00,34.02,6.00
CLT,2026-04-24 02:52,70.00,44.00,39.13,5.00
CLT,2026-04-24 03:52,67.00,46.00,46.80,4.00
CLT,2026-04-24 04:52,68.00,44.00,41.90,5.00
CLT,2026-04-24 05:52,65.00,45.00,48.29,4.00
CLT,2026-04-24 06:52,63.00,46.00,53.79,6.00
CLT,2026-04-24 07:52,61.00,47.00,59.95,4.00
CLT,2026-04-24 08:52,60.00,47.00,62.12,3.00
CLT,2026-04-24 09:52,58.00,48.00,69.28,0.00
CLT,2026-04-24 10:52,58.00,48.00,69.28,0.00
CLT,2026-04-24 11:52,60.00,48.00,64.50,4.00
CLT,2026-04-24 12:52,65.00,49.00,56.15,4.00
CLT,2026-04-24 13:52,69.00,50.00,50.77,3.00
CLT,2026-04-24 14:52,75.00,51.00,43.02,0.00
CLT,2026-04-24 15:52,79.00,49.00,34.99,0.00
CLT,2026-04-24 16:52,83.00,48.00,29.59,5.00
CLT,2026-04-24 17:52,84.00,45.00,25.59,10.00
CLT,2026-04-24 18:52,84.00,44.00,24.63,11.00
CLT,2026-04-24 19:52,84.00,43.00,23.70,12.00
CLT,2026-04-24 20:52,84.00,44.00,24.63,8.00
CLT,2026-04-24 21:52,84.00,41.00,21.94,9.00
CLT,2026-04-24 22:52,82.00,45.00,27.29,5.00
CLT,2026-04-24 23:52,78.00,46.00,32.30,4.00
CLT,2026-04-25 00:52,75.00,46.00,35.68,4.00
CLT,2026-04-25 01:52,74.00,48.00,39.78,8.00
CLT,2026-04-25 02:52,71.00,49.00,45.69,6.00
CLT,2026-04-25 03:52,70.00,50.00,49.06,6.00
CLT,2026-04-25 04:52,66.00,51.00,58.42,5.00
CLT,2026-04-25 05:52,65.00,51.00,60.49,6.00
CLT,2026-04-25 06:52,67.00,51.00,56.44,8.00
CLT,2026-04-25 07:52,63.00,52.00,67.31,3.00
CLT,2026-04-25 08:52,62.00,52.00,69.72,0.00
CLT,2026-04-25 09:52,61.00,52.00,72.23,3.00
CLT,2026-04-25 10:52,59.00,52.00,77.56,0.00
CLT,2026-04-25 11:52,62.00,52.00,69.72,0.00
CLT,2026-04-25 12:52,66.00,54.00,65.24,3.00
CLT,2026-04-25 13:52,71.00,55.00,57.00,3.00
CLT,2026-04-25 14:52,75.00,55.00,49.82,3.00
CLT,2026-04-25 15:52,79.00,55.00,43.65,4.00
CLT,2026-04-25 16:52,83.00,53.00,35.63,8.00
CLT,2026-04-25 17:52,84.00,51.00,32.05,10.00
CLT,2026-04-25 18:52,85.00,50.00,29.91,9.00
CLT,2026-04-25 19:52,82.00,50.00,32.94,10.00
CLT,2026-04-25 20:52,80.00,53.00,39.27,8.00
CLT,2026-04-25 21:52,66.00,61.00,83.93,9.00
CLT,2026-04-25 22:52,65.00,60.00,83.86,8.00
CLT,2026-04-25 23:52,64.00,60.00,86.84,4.00
CLT,2026-04-26 00:52,63.00,60.00,89.94,5.00
CLT,2026-04-26 01:52,64.00,60.00,86.84,7.00
CLT,2026-04-26 02:52,64.00,60.00,86.84,4.00
CLT,2026-04-26 03:52,63.00,61.00,93.19,4.00
CLT,2026-04-26 04:52,63.00,61.00,93.19,0.00
CLT,2026-04-26 05:52,62.00,61.00,96.53,5.00
CLT,2026-04-26 06:52,62.00,60.00,93.16,6.00
CLT,2026-04-26 07:52,62.00,60.00,93.16,5.00
CLT,2026-04-26 08:52,62.00,60.00,93.16,0.00
CLT,2026-04-26 09:52,62.00,60.00,93.16,0.00
CLT,2026-04-26 10:52,61.00,60.00,96.51,3.00
CLT,2026-04-26 11:52,62.00,60.00,93.16,5.00
CLT,2026-04-26 12:52,63.00,60.00,89.94,6.00
CLT,2026-04-26 13:52,67.00,61.00,81.07,6.00
CLT,2026-04-26 14:52,69.00,59.00,70.49,12.00
CLT,2026-04-26 15:52,67.00,59.00,75.50,15.00
CLT,2026-04-26 16:52,73.00,59.00,61.54,8.00
CLT,2026-04-26 17:52,70.00,58.00,65.72,12.00
CLT,2026-04-26 18:52,72.00,56.00,57.14,11.00
CLT,2026-04-26 19:52,71.00,55.00,57.00,11.00
CLT,2026-04-26 20:52,71.00,54.00,54.96,11.00
CLT,2026-04-26 21:52,71.00,53.00,52.98,11.00
CLT,2026-04-26 22:52,70.00,52.00,52.83,10.00
CLT,2026-04-26 23:52,67.00,51.00,56.44,11.00
CLT,2026-04-27 00:52,65.00,50.00,58.28,12.00
CLT,2026-04-27 01:52,63.00,49.00,60.22,14.00
CLT,2026-04-27 02:52,61.00,48.00,62.25,15.00
CLT,2026-04-27 03:52,59.00,47.00,64.37,14.00
CLT,2026-04-27 04:52,57.00,46.00,66.60,16.00
CLT,2026-04-27 05:52,56.00,45.00,66.48,11.00
CLT,2026-04-27 06:52,56.00,43.00,61.59,13.00
CLT,2026-04-27 07:52,55.00,44.00,66.36,9.00
CLT,2026-04-27 08:52,54.00,43.00,66.24,11.00
CLT,2026-04-27 09:52,53.00,42.00,66.11,11.00
CLT,2026-04-27 10:52,52.00,42.00,68.59,11.00
CLT,2026-04-27 11:52,53.00,43.00,68.71,13.00
CLT,2026-04-27 12:52,54.00,43.00,66.24,8.00
CLT,2026-04-27 13:52,55.00,43.00,63.87,9.00
CLT,2026-04-27 14:52,57.00,44.00,61.72,8.00
CLT,2026-04-27 15:52,61.00,44.00,53.50,5.00
CLT,2026-04-27 16:52,65.00,44.00,46.49,7.00
CLT,2026-04-27 17:52,68.00,45.00,43.53,7.00
CLT,2026-04-27 18:52,69.00,44.00,40.49,5.00
CLT,2026-04-27 19:52,71.00,44.00,37.82,4.00
CLT,2026-04-27 20:52,72.00,45.00,37.99,4.00
CLT,2026-04-27 21:52,72.00,44.00,36.56,5.00
CLT,2026-04-27 22:52,71.00,43.00,36.40,7.00
CLT,2026-04-27 23:52,69.00,42.00,37.50,5.00
CLT,2026-04-28 00:52,67.00,43.00,41.74,3.00
CLT,2026-04-28 01:52,65.00,44.00,46.49,4.00
CLT,2026-04-28 02:52,62.00,45.00,53.65,7.00
CLT,2026-04-28 03:52,60.00,47.00,62.12,6.00
CLT,2026-04-28 04:52,58.00,47.00,66.72,5.00
CLT,2026-04-28 05:52,57.00,46.00,66.60,4.00
CLT,2026-04-28 06:52,55.00,47.00,74.36,5.00
CLT,2026-04-28 07:52,53.00,48.00,83.06,5.00
CLT,2026-04-28 08:52,52.00,49.00,89.46,3.00
CLT,2026-04-28 09:52,52.00,50.00,92.86,6.00
CLT,2026-04-28 10:52,53.00,50.00,89.51,7.00
CLT,2026-04-28 11:52,54.00,51.00,89.55,4.00
CLT,2026-04-28 12:52,54.00,52.00,92.92,3.00
CLT,2026-04-28 13:52,55.00,53.00,92.95,5.00
CLT,2026-04-28 14:52,56.00,54.00,92.98,9.00
CLT,2026-04-28 15:52,58.00,55.00,89.73,17.00
CLT,2026-04-28 16:52,59.00,54.00,83.47,12.00
CLT,2026-04-28 17:52,61.00,54.00,77.73,11.00
CLT,2026-04-28 18:52,61.00,54.00,77.73,10.00
CLT,2026-04-28 19:52,63.00,55.00,75.13,9.00
CLT,2026-04-28 20:52,64.00,56.00,75.22,6.00
CLT,2026-04-28 21:52,64.00,56.00,75.22,8.00
CLT,2026-04-28 22:52,64.00,56.00,75.22,7.00
CLT,2026-04-28 23:52,63.00,56.00,77.91,4.00
CLT,2026-04-29 00:52,63.00,56.00,77.91,4.00
CLT,2026-04-29 01:52,62.00,57.00,83.67,3.00
CLT,2026-04-29 02:52,62.00,57.00,83.67,0.00
CLT,2026-04-29 03:52,62.00,57.00,83.67,4.00
CLT,2026-04-29 04:52,61.00,57.00,86.68,5.00
CLT,2026-04-29 05:52,60.00,57.00,89.81,4.00
CLT,2026-04-29 06:52,60.00,58.00,93.10,0.00
CLT,2026-04-29 07:52,61.00,58.00,89.85,5.00
CLT,2026-04-29 08:52,62.00,58.00,86.73,7.00
CLT,2026-04-29 09:52,62.00,59.00,89.89,5.00
CLT,2026-04-29 10:52,62.00,59.00,89.89,6.00
CLT,2026-04-29 11:52,62.00,59.00,89.89,6.00
CLT,2026-04-29 12:52,62.00,60.00,93.16,5.00
CLT,2026-04-29 13:52,64.00,60.00,86.84,5.00
CLT,2026-04-29 14:52,65.00,60.00,83.86,7.00
CLT,2026-04-29 15:52,68.00,60.00,75.59,9.00
CLT,2026-04-29 16:52,73.00,61.00,66.08,4.00
CLT,2026-04-29 17:52,78.00,60.00,54.00,10.00
CLT,2026-04-29 18:52,78.00,60.00,54.00,12.00
CLT,2026-04-29 19:52,79.00,61.00,54.14,13.00
CLT,2026-04-29 20:52,78.00,60.00,54.00,12.00
CLT,2026-04-29 21:52,78.00,61.00,55.95,7.00
CLT,2026-04-29 22:52,78.00,62.00,57.97,6.00
CLT,2026-04-29 23:52,76.00,63.00,64.15,5.00
CLT,2026-04-30 00:52,75.00,62.00,64.02,6.00
CLT,2026-04-30 01:52,73.00,63.00,70.91,5.00
CLT,2026-04-30 02:52,71.00,62.00,73.24,0.00
CLT,2026-04-30 03:52,70.00,59.00,68.12,3.00
CLT,2026-04-30 04:52,67.00,58.00,72.85,4.00
CLT,2026-04-30 05:52,67.00,58.00,72.85,0.00
CLT,2026-04-30 06:52,65.00,58.00,78.08,0.00
CLT,2026-04-30 07:52,63.00,58.00,83.73,3.00
CLT,2026-04-30 08:52,65.00,55.00,70.05,7.00
CLT,2026-04-30 09:52,64.00,53.00,67.43,11.00
CLT,2026-04-30 10:52,63.00,50.00,62.51,7.00
CLT,2026-04-30 11:52,63.00,48.00,58.01,6.00
CLT,2026-04-30 12:52,60.00,55.00,83.54,6.00
CLT,2026-04-30 13:52,59.00,54.00,83.47,6.00
CLT,2026-04-30 14:52,65.00,50.00,58.28,11.00
CLT,2026-04-30 15:52,70.00,49.00,47.27,6.00
CLT,2026-04-30 16:52,72.00,49.00,44.17,4.00
CLT,2026-04-30 18:52,74.00,50.00,42.86,3.00
CLT,2026-04-30 19:52,73.00,49.00,42.70,4.00
CLT,2026-04-30 20:52,74.00,49.00,41.29,6.00
CLT,2026-04-30 21:52,73.00,50.00,44.33,3.00
CLT,2026-04-30 22:52,72.00,52.00,49.37,5.00
CLT,2026-04-30 23:52,69.00,38.00,32.10,9.00
CLT,2026-05-01 00:52,66.00,37.00,34.22,6.00
CLT,2026-05-01 01:52,63.00,39.00,41.10,6.00
CLT,2026-05-01 02:52,61.00,42.00,49.55,6.00
CLT,2026-05-01 03:52,62.00,34.00,34.93,10.00
CLT,2026-05-01 04:52,62.00,34.00,34.93,7.00
CLT,2026-05-01 05:52,61.00,33.00,34.77,12.00
CLT,2026-05-01 06:52,59.00,34.00,38.86,12.00
CLT,2026-05-01 07:52,58.00,35.00,41.92,10.00
CLT,2026-05-01 08:52,57.00,36.00,45.21,12.00
CLT,2026-05-01 09:52,56.00,35.00,45.05,9.00
CLT,2026-05-01 10:52,55.00,34.00,44.89,12.00
CLT,2026-05-01 11:52,55.00,35.00,46.72,11.00
CLT,2026-05-01 12:52,55.00,35.00,46.72,10.00
CLT,2026-05-01 13:52,57.00,36.00,45.21,10.00
CLT,2026-05-01 14:52,58.00,38.00,47.19,3.00
CLT,2026-05-01 15:52,60.00,38.00,43.94,8.00
CLT,2026-05-01 16:52,61.00,39.00,44.10,0.00
CLT,2026-05-01 17:52,61.00,39.00,44.10,7.00
CLT,2026-05-01 18:52,61.00,41.00,47.67,5.00
CLT,2026-05-01 19:52,65.00,43.00,44.74,7.00
CLT,2026-05-01 20:52,63.00,44.00,49.85,6.00
CLT,2026-05-01 21:52,64.00,45.00,50.01,6.00
CLT,2026-05-01 22:52,63.00,47.00,55.87,6.00
CLT,2026-05-01 23:52,61.00,48.00,62.25,5.00
